,logpop,loginv,pop,family.name,area,inv,language
1,18.16234089,3.713572067,77233270,Koreanic,Eurasia,40,Korean
2,5.351858133,3.496507561,210,Yeniseian,Eurasia,32,Ket
3,11.9498957,4.248495242,154800,Nakh-Daghestanian,Eurasia,69,Lak
4,14.30317052,4.043051268,1628500,Abkhaz-Adyge,Eurasia,56,Kabardian
5,15.11556624,3.583518938,3669500,Kartvelian,Eurasia,35,Georgian
6,11.4804126,3.988984047,96800,,Eurasia,53,Burushaski
8,18.12287158,4.234106505,74244300,Dravidian,Eurasia,68,Telugu
9,6.836259277,3.555348061,930,NA,NA,34,Kota
10,10.57134257,3.555348061,39000,NA,NA,34,Kota
11,13.9290901,3.63758616,1120280,Austroasiatic,Eurasia,37,Mundari
12,12.38939787,3.737669618,240240,Austroasiatic,Eurasia,41,Kharia
13,13.64472342,3.36729583,843000,Austroasiatic,Eurasia,28,Khasi
14,11.48782302,3.988984047,97520,Austroasiatic,Eurasia,53,Sedang
16,18.03587997,3.688879454,68058620,Austroasiatic,Eurasia,39,Vietnamese
21,14.7401666,3.912023005,2521000,Atlantic-Congo,Africa,49,Yao
23,17.30824133,3.931825633,32875600,Sino-Tibetan,Eurasia,50,Burmese
24,13.18129433,3.713572067,530350,Sino-Tibetan,Eurasia,40,Lahu
25,13.82447129,3.295836866,1009000,Sino-Tibetan,Eurasia,26,Garo
27,9.105090961,4.094344562,9000,Tai-Kadai,Eurasia,59,Lakkia
28,16.83830099,3.828641396,20548550,Tai-Kadai,Eurasia,45,Thai
31,11.34214901,3.33220451,84300,Austronesian,Papunesia,27,Atayal
32,16.71354075,3.610917913,18138380,NA,NA,36,Malagasy
33,16.59573884,3.33220451,16122700,NA,NA,27,Malay
34,17.9235012,3.33220451,60824376,NA,NA,27,Malay
35,7.300472814,3.091042453,1480,NA,NA,21,Batak
38,18.25070468,3.433987204,84368500,Austronesian,Papunesia,30,Javanese
39,17.01940638,3.36729583,24628290,Austronesian,Papunesia,28,Tagalog
40,11.04293784,3.610917913,62500,Austronesian,Papunesia,36,Chamorro
43,10.30898599,3.258096538,30000,Austronesian,Papunesia,25,Adzera
44,11.97023005,3.044522438,157980,Austronesian,Papunesia,20,Maori
45,7.601402335,2.995732274,2000,Austronesian,Papunesia,19,Hawaiian
48,1.098612289,3.36729583,2,Pama-Nyungan,Australia,28,Kunjen
50,5.564520407,3.218875825,260,NA,NA,24,Maung
51,4.709530201,3.218875825,110,NA,NA,24,Nunggubuyu
52,2.564949357,3.36729583,12,Mangarrayi-Maran,Australia,28,Alawa
54,10.30898599,2.890371758,30000,Sentanic,Papunesia,17,Sentani
57,8.594339401,3.33220451,5400,Nuclear Trans New Guinea,Papunesia,27,Telefol
58,10.00337814,2.995732274,22100,Nuclear Trans New Guinea,Papunesia,19,Gadsup
60,9.012011377,3.044522438,8200,Goilalan,Papunesia,20,Kunimaipa
61,8.853808275,3.091042453,7000,Nuclear Trans New Guinea,Papunesia,21,Selepet
63,5.049856007,3.610917913,155,Eskimo-Aleut,North America,36,Aleut
67,3.663561646,3.761200116,38,Athabaskan-Eyak-Tlingit,North America,42,Hupa
69,3.218875825,3.931825633,24,NA,NA,50,Haida
70,2.079441542,3.63758616,7,Salishan,North America,37,Squamish
73,5.545177444,4.025351691,255,NA,NA,55,Kwakiutl
74,11.44797086,3.33220451,93710,NA,NA,27,Ojibwa
75,2.079441542,3.688879454,7,NA,NA,39,Delaware
76,0.693147181,3.401197382,1,Caddoan,North America,29,Wichita
77,5.673323267,3.610917913,290,NA,NA,36,Dakota
78,4.615120517,3.33220451,100,Iroquoian,North America,27,Seneca
79,5.262690189,3.135494216,192,Iroquoian,North America,22,Oneida
80,2.833213344,4.17438727,16,,North America,64,Yuchi
81,5.141663557,3.091042453,170,Muskogean,North America,21,Alabama
82,3.496507561,3.258096538,32,,North America,25,Tunica
83,4.615120517,3.610917913,100,Sahaptian,North America,36,Nez Perce
88,12.51723074,3.433987204,273000,Mayan,North America,30,Tzeltal
90,2.564949357,3.737669618,12,,North America,41,Karok
93,9.151757415,4.007333185,9430,,North America,54,Zuni
94,10.20732591,3.737669618,27100,NA,NA,41,Tiwa
95,7.313886832,4.060443011,1500,NA,NA,57,Tewa
97,8.821879863,3.912023005,6780,Uto-Aztecan,North America,49,Hopi
105,1.791759469,3.258096538,5,,South America,25,Itonama
106,15.86121704,3.63758616,7734620,NA,NA,37,Quechua
107,14.34731518,3.761200116,1702000,NA,NA,42,Aymara
110,9.43356392,3.401197382,12500,Arawakan,South America,29,Wapishana
117,10.76217036,3.663561646,47200,Ticuna-Yuri,South America,38,Ticuna
118,8.903679333,3.36729583,7358,NA,NA,28,Carib
119,5.272999559,3.663561646,194,Huitotoan,South America,38,Ocaina
121,15.63317832,3.610917913,6157480,NA,NA,36,Guarani
122,6.255750042,3.135494216,520,Pano-Tacanan,South America,22,Amahuaca
126,17.12510791,3.828641396,27374100,Afro-Asiatic,Africa,45,Hausa
129,16.61257242,3.970291914,16396400,Afro-Asiatic,Africa,52,Somali
131,13.04332233,3.891820298,462000,Afro-Asiatic,Africa,48,Iraqw
133,16.89840724,4.094344562,21821520,Afro-Asiatic,Africa,59,Amharic
136,13.0696185,4.025351691,474310,Afro-Asiatic,Eurasia,55,Maltese
139,14.01436224,3.912023005,1220000,NA,NA,49,Kpelle
140,15.47575584,3.713572067,5260600,Atlantic-Congo,Africa,40,Wolof
141,13.96393143,3.63758616,1160000,Atlantic-Congo,Africa,37,Dagbani
142,15.9213507,3.713572067,8214000,Atlantic-Congo,Africa,40,Akan
143,13.52114084,3.871201011,745000,Atlantic-Congo,Africa,47,Ga
145,16.70632394,4.189654742,18007950,Atlantic-Congo,Africa,65,Igbo
146,11.51293546,3.737669618,1.00E+05,Atlantic-Congo,Africa,41,Beembe
147,16.58759984,3.610917913,15992010,Atlantic-Congo,Africa,36,Swahili
148,16.58766237,3.610917913,15993010,Atlantic-Congo,Africa,36,Swahili
149,13.36138185,3.610917913,635000,Atlantic-Congo,Africa,36,Luvale
150,16.28124297,3.784189634,11772100,Atlantic-Congo,Africa,43,Zulu
153,15.23197058,3.583518938,4122500,NA,NA,35,Kanuri
156,0.693147181,3.583518938,1,NA,NA,35,Luo
157,14.19051715,3.784189634,1455000,NA,NA,43,Maasai
158,7.090909822,3.526360525,1200,Khoe-Kwadi,Africa,33,Nama
160,12.2356363,3.761200116,206000,Indo-European,Eurasia,42,Breton
161,12.65664177,3.688879454,313840,Indo-European,Eurasia,39,Icelandic
162,15.46287046,3.891820298,5193250,Indo-European,Eurasia,48,Norwegian
163,19.73429664,3.713572067,371959910,Indo-European,Eurasia,40,English
165,18.14751192,3.713572067,76096430,Indo-European,Eurasia,40,French
166,19.20351081,3.663561646,218765470,Indo-European,Eurasia,38,Portuguese
167,19.89468317,3.258096538,436667750,Indo-European,Eurasia,25,Spanish
169,18.84994383,3.663561646,153612510,Indo-European,Eurasia,38,Russian
170,15.90349315,3.912023005,8068620,Indo-European,Eurasia,49,Bulgarian
171,14.93705489,3.871201011,3069590,Indo-European,Eurasia,47,Lithuanian
172,15.22219095,3.583518938,4082380,NA,NA,35,Albanian
174,15.45831381,3.63758616,5169640,NA,NA,37,Armenian
175,17.94150592,3.433987204,61929420,NA,NA,30,Persian
180,19.3057493,3.988984047,242315050,Indo-European,Eurasia,53,Bengali
182,13.20228485,3.36729583,541600,,Eurasia,28,Basque
183,15.50438441,3.761200116,5413380,Uralic,Eurasia,42,Finnish
185,12.29728809,3.610917913,219100,NA,NA,36,Komi
186,16.34893281,4.189654742,12596540,Uralic,Eurasia,65,Hungarian
189,18.07936117,3.713572067,71083170,Turkic,Eurasia,40,Turkish
190,16.95968616,3.555348061,23200540,NA,NA,34,Azerbaijani
192,13.89247253,3.688879454,1080000,Turkic,Eurasia,39,Chuvash
193,13.01700508,3.912023005,450000,NA,NA,49,Yakut
195,8.641355834,3.610917913,5660,Tungusic,Eurasia,36,Even
197,5.303304908,3.80666249,200,NA,NA,44,Gilyak
198,8.537191878,3.135494216,5100,Chukotko-Kamchatkan,Eurasia,22,Chukchi
199,2.397895273,2.890371758,10,NA,NA,17,Ainu
200,8.790421307,2.890371758,6570,NA,NA,17,Ainu
201,18.66905031,3.713572067,128193360,Japonic,Eurasia,40,Japanese
856,9.205428328,4.110873864,9950,Atlantic-Congo,Africa,60,Fwe
857,9.12489141,4.510859507,9180,Atlantic-Congo,Africa,90,Yeyi
859,1.098612289,3.401197382,2,Arawakan,South America,29,Chamicuro
860,14.21850662,3.80666249,1496300,Nakh-Daghestanian,Eurasia,44,Chechen
861,10.7893397,3.218875825,48500,Sino-Tibetan,Eurasia,24,Chepang
865,8.853808275,3.526360525,7000,Austroasiatic,Eurasia,33,Chrau
868,4.615120517,2.944438979,100,Uto-Aztecan,North America,18,Comanche
870,8.517393171,3.401197382,5000,Afro-Asiatic,Africa,29,Cuvok
871,9.323758339,3.433987204,11200,Atlantic-Congo,Africa,30,Denya
874,7.170888479,3.135494216,1300,Nuclear Trans New Guinea,Papunesia,22,Usarufa
876,5.888877958,2.833213344,360,Nuclear Trans New Guinea,Papunesia,16,Binumarien
877,11.84940484,3.761200116,140000,Atlantic-Congo,Africa,42,Eggon
878,10.30898599,3.63758616,30000,Atlantic-Congo,Africa,37,Ekpeye
880,9.903537551,3.63758616,20000,Atlantic-Congo,Africa,37,Esimbi
882,9.680406499,3.737669618,16000,Central Sudanic,Africa,41,Furu
884,12.76569129,3.465735903,350000,Atlantic-Congo,Africa,31,Gbari
885,10.84155935,3.17805383,51100,Nuclear Trans New Guinea,Papunesia,23,Golin
887,7.107425474,3.218875825,1220,NA,NA,24,Gunwinggu
888,14.36939625,3.401197382,1740000,Atlantic-Congo,Africa,29,Haya
890,10.77060905,3.258096538,47600,Uto-Aztecan,North America,25,Huichol
892,9.305741457,3.218875825,11000,NA,NA,24,"Huave, San Mateo del Mar"
895,11.00211651,3.663561646,60000,Ijoid,Africa,38,Ibani
896,5.525452939,3.17805383,250,Border,Papunesia,23,Imonda
897,12.68510105,3.891820298,322900,Nakh-Daghestanian,Eurasia,48,Ingush
898,6.042632834,2.944438979,420,NA,NA,18,Isaka
902,7.490529402,4.127134385,1790,NA,NA,61,Jemez
904,15.5357742,3.433987204,5586000,Afro-Asiatic,Africa,30,Kabyle
907,6.867974409,3.401197382,960,Nuclear Torricelli,Papunesia,29,Kamasau
912,11.08215793,3.737669618,65000,Atlantic-Congo,Africa,41,Kenyang
913,12.38939787,3.871201011,240240,Austroasiatic,Eurasia,47,Kharia
914,6.216606101,3.713572067,500,NA,NA,40,Chong
915,16.30995499,3.912023005,12115000,Atlantic-Congo,Africa,49,Kinyarwanda
916,12.42118806,3.610917913,248000,Ijoid,Africa,36,Kirike
917,6.274762021,3.33220451,530,Austronesian,Papunesia,27,Kokota
919,8.243019469,3.912023005,3800,Atlantic-Congo,Africa,49,Konni
920,13.02320801,3.871201011,452800,Austroasiatic,Eurasia,47,Kuay
921,10.41033527,3.784189634,33200,NA,NA,43,Kulung
922,10.59665973,3.784189634,40000,NA,NA,43,Kulung
923,7.783640596,2.995732274,2400,,Papunesia,19,Kuot
924,1.386294361,3.663561646,3,,Eurasia,38,Kusunda
925,11.97035664,3.63758616,158000,Dravidian,Eurasia,37,Kuvi
926,2.079441542,3.828641396,7,,South America,45,Kwaza
927,11.66993776,3.663561646,117000,NA,NA,38,Ladakhi
928,12.92391488,3.970291914,410000,Atlantic-Congo,Africa,52,Langi
929,14.99530368,3.713572067,3253700,Tai-Kadai,Eurasia,40,Lao
930,7.484930283,3.044522438,1780,,Papunesia,20,Lavukaleve
932,12.90669432,3.496507561,403000,Atlantic-Congo,Africa,32,Lunda
933,12.97293719,3.761200116,430600,NA,NA,42,Lucazi
935,14.29332796,3.496507561,1612550,Indo-European,Eurasia,32,Macedonian
936,11.51293546,3.713572067,1.00E+05,NA,NA,40,Mada
937,9.741027445,3.713572067,17000,NA,NA,40,Mada
939,8.981052986,2.944438979,7950,Austronesian,Papunesia,18,Manam
942,9.841665339,3.713572067,18800,Atlantic-Congo,Africa,40,Ngemba
943,4.060443011,3.218875825,57,NA,NA,24,Mara
946,12.25486757,3.258096538,210000,Atlantic-Congo,Africa,25,Medumba
947,12.75283764,3.583518938,345530,Kartvelian,Eurasia,35,Mingrelian
948,10.46313191,3.737669618,35000,Atlantic-Congo,Africa,41,Mmen
949,8.699681401,3.496507561,6000,Austronesian,Eurasia,32,Moken
952,10.82179625,3.526360525,50100,Atlantic-Congo,Africa,33,Mungaka
954,7.496097345,3.135494216,1800,Austronesian,Papunesia,22,Mwotlap
955,8.699681401,2.772588722,6000,Sepik,Papunesia,15,Namia
956,9.210440367,3.988984047,10000,Atlantic-Congo,Africa,53,Ndemli
959,7.824445931,3.044522438,2500,Nuclear Trans New Guinea,Papunesia,20,Nankina
960,13.76316513,3.17805383,949000,Nilotic,Africa,23,Nandi
961,13.58923837,3.80666249,797500,Austroasiatic,Eurasia,44,Khmu
962,8.006700845,3.80666249,3000,Atlantic-Congo,Africa,44,Naki
968,11.05090588,3.17805383,63000,Atlantic-Congo,Africa,23,Ngomba
969,10.71443999,4.094344562,45000,Atlantic-Congo,Africa,59,Ngombale
973,10.69876253,3.583518938,44300,Afro-Asiatic,Africa,35,Nubi
974,13.70234298,3.891820298,893000,Nilotic,Africa,48,Nuer
977,5.303304908,3.713572067,200,Austroasiatic,Eurasia,40,Nyeu
978,12.4292202,3.63758616,250000,Atlantic-Congo,Africa,37,Obolo
980,8.412054873,3.044522438,4500,Nuclear Trans New Guinea,Papunesia,20,Faiwol
981,11.37367489,3.401197382,87000,Atlantic-Congo,Africa,29,Oku
983,9.806480935,3.135494216,18150,Austronesian,Papunesia,22,Palauan
984,10.46313191,2.890371758,35000,Nuclear Trans New Guinea,Papunesia,17,Orokaiva
985,7.812378206,3.17805383,2470,Nuclear Torricelli,Papunesia,23,Yil
986,6.857514063,3.091042453,950,Nuclear Torricelli,Papunesia,21,Ningil
987,11.60824474,3.218875825,110000,Austronesian,Papunesia,24,Dobu
988,6.803505258,2.944438979,900,East Strickland,Papunesia,18,Samo
992,10.1924563,3.737669618,26700,Austroasiatic,Eurasia,41,Mal
993,6.608000625,3.36729583,740,Chibchan,North America,28,Rama
994,7.13169851,3.044522438,1250,Austronesian,Papunesia,20,Matbat
995,16.18210287,3.401197382,10661000,Atlantic-Congo,Africa,29,Rundi
997,12.30138737,3.850147602,220000,NA,NA,46,Marwari
998,15.54230493,3.850147602,5622600,NA,NA,46,Marwari
999,16.79676863,3.850147602,19712600,NA,NA,46,Marwari
1000,11.03490579,3.555348061,62000,Atlantic-Congo,Africa,34,Samba Leko
1005,14.55744838,3.433987204,2100000,Austronesian,Papunesia,30,Sasak
1008,7.065613364,2.944438979,1170,Tucanoan,South America,18,Secoya
1010,7.123672785,3.36729583,1240,Austronesian,Papunesia,28,Seimat
1011,8.318986125,3.951243719,4100,Austroasiatic,Eurasia,51,Semelai
1012,1.791759469,3.761200116,5,Uto-Aztecan,North America,42,Serrano
1013,5.993961427,3.784189634,400,,Africa,43,Shabo
1014,2.302585093,2.944438979,9,NA,NA,18,Shanenawa
1016,15.79279492,3.761200116,7223100,Atlantic-Congo,Africa,42,Shona
1018,7.640603826,3.135494216,2080,Austronesian,Papunesia,22,Siar-Lak
1019,16.81463711,4.430816799,20068000,Indo-European,Eurasia,83,Saraiki
1020,5.771441123,2.995732274,320,Algic,North America,19,Shawnee
1021,6.552507887,3.17805383,700,Sko,Papunesia,23,Skou
1022,8.699681401,4.290459441,6000,NA,NA,72,So
1023,12.14420256,4.290459441,188000,NA,NA,72,So
1027,6.216606101,3.761200116,500,Austronesian,Papunesia,42,Satawalese
1031,12.99721503,3.433987204,441182,NA,NA,30,Zapotec
1033,8.543055851,3.80666249,5130,Austronesian,Papunesia,44,Yapese
1034,2.564949357,3.583518938,12,Algic,North America,35,Yurok
1038,8.006700845,3.295836866,3000,Nuclear Trans New Guinea,Papunesia,26,Wambon
1039,2.397895273,3.496507561,10,,North America,32,Washo
1040,6.746412129,2.833213344,850,Cariban,South America,16,Wayana
1041,7.390798522,3.044522438,1620,Austronesian,Papunesia,20,Wogeo
1043,12.13779916,3.784189634,186800,Mande,Africa,43,Vai
1044,17.3625413,3.433987204,34710100,Indo-European,Eurasia,30,Ukrainian
1048,7.710205194,3.218875825,2230,Nuclear Trans New Guinea,Papunesia,24,Baruga
1049,5.993961427,2.890371758,400,Tucanoan,South America,17,Tatuyo
1053,11.03490579,3.258096538,62000,North Halmahera,Papunesia,25,Ternate
1055,17.51536385,3.63758616,40441370,Indo-European,Eurasia,37,Polish
1059,16.91393574,3.688879454,22163020,Indo-European,Eurasia,39,Dutch
1061,12.61154109,3.33220451,3.00E+05,Austronesian,Papunesia,27,Gayo
1064,10.30898599,3.828641396,30000,Indo-European,Eurasia,45,Aragonese
1066,15.60727019,3.496507561,6.00E+06,Atlantic-Congo,Africa,32,Ibibio
1067,18.03451506,3.526360525,67965790,Dravidian,Eurasia,33,Tamil
1071,8.987321813,2.995732274,8000,Austronesian,Papunesia,19,Selaru
1080,9.249657234,3.091042453,10400,Muskogean,North America,21,Choctaw
1081,6.587550015,3.737669618,725,Mixed Language,North America,41,Michif
1097,9.998843186,3.496507561,22000,Kartvelian,Eurasia,32,Laz
1098,10.07327252,3.401197382,23700,Austroasiatic,Eurasia,29,Juang
1099,8.006700845,3.713572067,3000,Timor-Alor-Pantar,Papunesia,40,Adang
1100,7.863651265,3.951243719,2600,Atlantic-Congo,Africa,51,Ambele
1101,7.930565854,3.713572067,2780,Arawakan,South America,40,Apurinã
1105,10.03455967,3.496507561,22800,NA,NA,32,Ika
1106,7.300472814,3.33220451,1480,Tupian,South America,27,Karo
1107,5.351858133,3.33220451,210,Tupian,South America,27,Karo
1113,8.117014088,3.258096538,3350,NA,NA,25,Blackfoot
1116,4.094344562,3.258096538,59,Muskogean,North America,25,Koasati
1117,3.610917913,3.761200116,36,Salishan,North America,42,Comox
1121,13.64732975,3.761200116,845200,NA,NA,42,Frisian
1126,11.79056478,3.610917913,132000,Mayan,North America,36,Huastec
1127,15.76376097,3.091042453,7016400,NA,NA,21,Ilocano
1131,13.75650444,3.688879454,942700,Sino-Tibetan,Eurasia,39,Lisu
1132,6.66057515,3.17805383,780,Austronesian,Papunesia,23,Loniu
1136,15.80242568,3.555348061,7293000,NA,NA,34,Mandingo
1148,15.22781885,3.688879454,4105420,Indo-European,Eurasia,39,Catalan
1149,15.47495713,3.610917913,5256400,Indo-European,Eurasia,36,Croatian
1150,16.18362034,3.663561646,10677190,Indo-European,Eurasia,38,Czech
1151,14.68764081,3.36729583,2392000,Indo-European,Eurasia,28,Galician
1153,3.63758616,3.80666249,37,NA,NA,44,Mono
1154,11.08215793,3.80666249,65000,NA,NA,44,Mono
1155,7.986504939,3.80666249,2940,NA,NA,44,Mono
1156,5.707110265,3.80666249,300,NA,NA,44,Mono
1157,16.95945036,3.465735903,23195070,Austronesian,Papunesia,31,Indonesian
1158,17.96450287,3.433987204,63370110,Indo-European,Eurasia,30,Italian
1160,6.803505258,3.258096538,900,,North America,25,Seri
1161,17.01195675,4.007333185,24445500,Indo-European,Eurasia,54,Sindhi
1162,14.55965071,3.63758616,2104630,NA,NA,37,Slovene
1163,16.0395124,3.583518938,9244250,Indo-European,Eurasia,35,Swedish
1166,8.294299609,3.295836866,4000,Arawakan,South America,26,Yine
1173,8.891649113,2.708050201,7270,Sepik,Papunesia,14,Abau
1175,13.24274038,3.80666249,563960,Sino-Tibetan,Eurasia,44,Akha
1177,8.394121194,2.995732274,4420,Border,Papunesia,19,Amanab
1179,6.908754779,2.944438979,1000,South Bird's Head Family,Papunesia,18,Arandai
1181,4.110873864,4.007333185,60,Athabaskan-Eyak-Tlingit,North America,54,Tanacross
1182,8.987321813,2.890371758,8000,Nuclear Torricelli,Papunesia,17,Au
1183,8.26898821,3.295836866,3900,Austronesian,Papunesia,26,Tinputz
1184,9.210440367,3.433987204,10000,Austronesian,Papunesia,30,Petats
1185,7.438971592,3.80666249,1700,Austronesian,Papunesia,44,Patep
1186,12.10071769,3.433987204,180000,NA,NA,30,Kela
1187,8.006700845,3.091042453,3000,Austronesian,Papunesia,21,Sursurunga
1188,7.550135342,3.258096538,1900,Nuclear Trans New Guinea,Papunesia,25,Awara
1189,9.852246888,4.043051268,19000,Atlantic-Congo,Africa,56,Awing
1190,6.552507887,2.944438979,700,Sepik,Papunesia,18,Awtuw
1191,10.10646921,3.433987204,24500,Atlantic-Congo,Africa,30,Baba
1192,10.57134257,3.526360525,39000,Atlantic-Congo,Africa,33,Babanki
1193,10.81979828,3.526360525,50000,Atlantic-Congo,Africa,33,Bakoko
1195,10.34177474,3.496507561,31000,Atlantic-Congo,Africa,32,Bamunka
1196,9.546884035,3.713572067,14000,Atlantic-Congo,Africa,40,Bangolan
1198,7.230563153,2.890371758,1380,Austronesian,Papunesia,17,Bariai
1199,8.000014094,4.094344562,2980,Atlantic-Congo,Africa,59,Befang
1201,15.22893383,3.258096538,4110000,NA,NA,25,Bemba
1204,11.15626481,3.218875825,70000,Austronesian,Papunesia,24,Biak
1206,8.853808275,3.583518938,7000,Nuclear Trans New Guinea,Papunesia,35,Binandere
1208,11.51293546,3.663561646,1.00E+05,Afro-Asiatic,Africa,38,Bole
1209,9.220389708,3.401197382,10100,Central Sudanic,Africa,29,Bongo
1210,14.10397807,3.258096538,1334380,NA,NA,25,Boro
1211,9.210440367,3.737669618,10000,Indo-European,Eurasia,41,Brokskat
1213,6.398594935,3.688879454,600,Bookkeeping,Africa,39,Bubia
1216,7.021976423,4.007333185,1120,Atlantic-Congo,Africa,54,Totela
1221,11.32660793,4.060443011,83000,NA,NA,57,Jiarong
1222,10.19991874,3.465735903,26900,NA,NA,31,Suri
1223,9.075779879,3.737669618,8740,,Papunesia,41,Bilua
1224,6.133398043,3.091042453,460,Austronesian,Papunesia,21,Hoava
1225,17.62217307,3.33220451,4.50E+07,Austronesian,Papunesia,27,Filipino
1227,12.61154109,3.526360525,3.00E+05,Austronesian,Papunesia,33,Muna
1231,7.46221494,2.944438979,1740,,Australia,18,Tiwi
1232,11.28979441,3.951243719,80000,Indo-European,Eurasia,51,Torwali
1234,11.50086301,3.63758616,98800,Sino-Tibetan,Eurasia,37,Tshangla
1240,13.37700715,3.931825633,645000,Indo-European,Eurasia,50,Mewati
1242,11.60824474,3.496507561,110000,Sino-Tibetan,Eurasia,32,Zaiwa
1243,6.398594935,3.258096538,600,Muskogean,North America,25,Chickasaw
1244,12.61154109,3.688879454,3.00E+05,Indo-European,Eurasia,39,Friulian
1246,7.824445931,3.688879454,2500,Atlantic-Congo,Africa,39,Ega
1251,8.284251798,3.17805383,3960,Siouan,North America,23,Crow
1258,15.9213507,4.110873864,8214000,Atlantic-Congo,Africa,60,Akan
1278,5.525452939,3.295836866,250,NA,NA,26,Nen
1287,12.97154281,3.63758616,430000,NA,NA,37,"Songhay, Koyraboro Senni"
1288,10.16589028,3.610917913,26000,NA,NA,36,Lele
1289,10.16589028,3.610917913,26000,NA,NA,36,Lele
1290,10.04329297,3.610917913,23000,NA,NA,36,Lele
1291,8.131824785,3.610917913,3400,NA,NA,36,Lele
1308,5.942799375,4.094344562,380,Arawan,South America,59,Madi
1309,11.15626481,3.663561646,70000,Central Sudanic,Africa,38,Moru
1310,12.25486757,3.688879454,210000,Central Sudanic,Africa,39,Logo
1311,8.294299609,3.295836866,4000,Nyimang,Africa,26,Afitti
1312,10.21100902,3.931825633,27200,Atlantic-Congo,Africa,50,Avatime
1313,10.1266711,3.713572067,25000,Atlantic-Congo,Africa,40,Abua
1315,10.30898599,3.663561646,30000,Afro-Asiatic,Africa,38,Dghwede
1316,10.1266711,3.951243719,25000,Atlantic-Congo,Africa,51,Eloyi
1321,11.60824474,3.610917913,110000,NA,NA,36,Kofyar
1322,10.96821553,3.80666249,58000,Atlantic-Congo,Africa,44,Krache
1324,8.922791624,3.850147602,7500,NA,NA,46,"Banda, West Central"
1325,12.4292202,4.110873864,250000,NA,NA,60,"Dinka, South Central"
1326,10.14647295,3.80666249,25500,Atlantic-Congo,Africa,44,Foodo
1328,11.15626481,3.688879454,70000,Nilotic,Africa,39,Jumjum
1329,10.62135174,3.663561646,41000,Nilotic,Africa,38,Burun
1331,14.37512692,3.496507561,1750000,Afro-Asiatic,Africa,32,Maay
1332,10.81979828,3.828641396,50000,Nilotic,Africa,45,Mabaan
1335,15.91589391,4.442651256,8169300,Atlantic-Congo,Africa,84,Xhosa
1336,11.18304545,3.63758616,71900,Atlantic-Congo,Africa,37,Siwu
1337,12.08954445,3.465735903,178000,Atlantic-Congo,Africa,31,Sherbro
1343,12.69465573,3.610917913,326000,Atlantic-Congo,Africa,36,Mampruli
1347,14.60850353,3.713572067,2210000,Atlantic-Congo,Africa,40,Tiv
1349,12.3194058,3.433987204,224000,Afro-Asiatic,Africa,30,Xamtanga
1350,11.00211651,3.828641396,60000,NA,NA,45,Lika
1354,11.51293546,3.496507561,1.00E+05,Atlantic-Congo,Africa,32,Lengola
1356,9.44943601,3.218875825,12700,Atlantic-Congo,Africa,24,Wongo
1358,14.49252886,3.33220451,1968000,Afro-Asiatic,Africa,27,Afar
1359,12.69680066,4.219507705,326700,Atlantic-Congo,Africa,67,Mundang
1360,3.63758616,4.143134726,37,NA,NA,62,Mono
1361,11.08215793,4.143134726,65000,NA,NA,62,Mono
1362,7.986504939,4.143134726,2940,NA,NA,62,Mono
1363,5.707110265,4.143134726,300,NA,NA,62,Mono
1364,12.55673304,4.043051268,284000,Atlantic-Congo,Africa,56,Tupuri
1365,9.915959454,4.043051268,20250,Atlantic-Congo,Africa,56,Kuo
1366,5.942799375,4.060443011,380,NA,NA,57,Kare
1367,11.48720758,4.060443011,97460,NA,NA,57,Kare
1378,9.952325335,3.555348061,21000,Atlantic-Congo,Africa,34,Avikam
1379,12.07254697,4.007333185,175000,Nilotic,Africa,54,Shilluk
1381,10.1266711,3.433987204,25000,Afro-Asiatic,Africa,30,Pero
1383,14.15269754,4.043051268,1401000,Afro-Asiatic,Africa,56,Hadiyya
1385,11.91839724,4.025351691,150000,NA,NA,55,Nyanga
1386,11.81303746,4.043051268,135000,Nilotic,Africa,56,Otuho
1389,11.57214675,3.33220451,106100,Mande,Africa,27,Manya
1392,11.53077521,4.262679877,101800,Songhay,Africa,70,Tadaksahak
1393,13.58269665,4.094344562,792300,Afro-Asiatic,Africa,59,Kambaata
1394,9.210440367,3.80666249,10000,Heibanic,Africa,44,Otoro
1395,10.59665973,3.761200116,40000,Heibanic,Africa,42,Tira
1396,4.615120517,4.043051268,100,Afro-Asiatic,Africa,56,Nyam
1399,8.788898309,3.526360525,6560,NA,NA,33,Mawa
1401,10.69876253,3.828641396,44300,NA,NA,45,Koalib
1402,12.39255636,3.465735903,241000,Atlantic-Congo,Africa,31,Kagulu
1406,5.303304908,3.761200116,200,Ijoid,Africa,42,Defaka
1407,12.65396166,3.663561646,313000,Atlantic-Congo,Africa,38,Tee
1408,14.46575076,3.63758616,1916000,Nilotic,Africa,37,Kipsigis
1409,11.4616427,3.583518938,95000,Atlantic-Congo,Africa,35,Pangwa
1410,9.648659817,3.295836866,15500,Atlantic-Congo,Africa,26,Holoholo
1411,7.832410927,3.850147602,2520,NA,NA,46,Buli
1412,12.03172521,3.850147602,168000,NA,NA,46,Buli
1415,14.24391129,4.532599493,1534800,Mande,Africa,92,Dan
1417,15.79214263,3.688879454,7218390,Indo-European,Africa,39,Afrikaans
1418,10.75664677,3.663561646,46940,Afro-Asiatic,Africa,38,Argobba
1419,10.42141788,3.555348061,33570,Afro-Asiatic,Africa,34,Harari
1420,14.12732484,3.912023005,1365900,Nilotic,Africa,49,Dinka
1421,12.80957134,3.713572067,365700,NA,NA,40,Nzema
1422,12.07254697,3.713572067,175000,Atlantic-Congo,Africa,40,Ahanta
1424,9.210440367,3.784189634,10000,Afro-Asiatic,Africa,43,Buwal
1426,10.59665973,3.737669618,40000,Afro-Asiatic,Africa,41,Lamang
1427,12.20607765,3.850147602,2.00E+05,Atlantic-Congo,Africa,46,Ikwere
1428,9.210440367,3.737669618,10000,Afro-Asiatic,Africa,41,Lagwan
1430,9.615872145,3.828641396,15000,Afro-Asiatic,Africa,45,Mbuko
1431,9.047939083,3.871201011,8500,Afro-Asiatic,Africa,47,Moloko
1432,10.30898599,3.850147602,30000,Afro-Asiatic,Africa,46,Muyang
1433,11.05090588,3.33220451,63000,Atlantic-Congo,Africa,27,Ngomba
1435,11.01864554,3.713572067,61000,Atlantic-Congo,Africa,40,Nateni
1437,8.987321813,3.871201011,8000,Atlantic-Congo,Africa,47,Weh
1438,7.824445931,4.094344562,2500,Kadugli-Krongo,Africa,59,Tulishi
1439,8.711278615,4.094344562,6070,Kadugli-Krongo,Africa,59,Keiga
1440,9.985113621,4.143134726,21700,Kadugli-Krongo,Africa,62,Krongo
1446,10.81979828,4.007333185,50000,Central Sudanic,Africa,54,Morokodo
1447,13.11231506,3.912023005,495000,Central Sudanic,Africa,49,Aringa
1449,9.615872145,3.583518938,15000,Narrow Talodi,Africa,35,Lumun
1453,11.00211651,4.077537444,60000,Surmic,Africa,58,Didinga
1454,11.28979441,3.496507561,80000,Nilotic,Africa,32,Luwo
1455,14.23881624,3.401197382,1527000,NA,NA,29,Acholi
1457,9.680406499,3.784189634,16000,Atlantic-Congo,Africa,43,Belanda Viri
1458,9.903537551,3.663561646,20000,Atlantic-Congo,Africa,38,Ndogo
1459,12.4292202,3.850147602,250000,Afro-Asiatic,Africa,46,Bade
1461,12.23077014,3.401197382,205000,Atlantic-Congo,Africa,29,Jita
1462,7.003974137,4.304065093,1100,South Omotic,Africa,73,Dime
1466,11.00211651,3.951243719,60000,Atlantic-Congo,Africa,51,Bafia
1467,14.57163301,3.713572067,2130000,NA,NA,40,Lango
1468,10.54536775,3.713572067,38000,NA,NA,40,Lango
1470,13.18063417,3.610917913,530000,Atlantic-Congo,Africa,36,Nyole
1475,9.210440367,3.610917913,10000,Atlantic-Congo,Africa,36,Degema
1477,5.303304908,3.465735903,200,Indo-European,Africa,31,Principense
1478,9.923339198,3.555348061,20400,Atlantic-Congo,Africa,34,Nkonya
1492,10.70998574,3.891820298,44800,Central Sudanic,Africa,48,Bagirmi
1493,11.51293546,4.043051268,1.00E+05,Central Sudanic,Africa,56,Ngiti
1497,11.38850671,3.80666249,88300,Central Sudanic,Africa,44,Mbay
1498,12.29683157,3.80666249,219000,NA,NA,44,Gumuz
1499,3.931825633,3.36729583,50,Kuliak,Africa,28,Soo
1501,12.82288129,3.713572067,370600,Ta-Ne-Omotic,Africa,40,Bench
1502,11.43172626,3.713572067,92200,Ta-Ne-Omotic,Africa,40,Yemsa
1504,13.90571774,3.610917913,1094400,Ta-Ne-Omotic,Africa,36,Gamo
1505,11.9789901,4.127134385,159370,Ta-Ne-Omotic,Africa,61,Koorete
1506,12.60585832,3.610917913,298300,South Omotic,Africa,36,Aari
1507,12.89922233,3.36729583,4.00E+05,NA,NA,28,Komo
1508,9.827200284,3.36729583,18530,NA,NA,28,Komo
1511,9.615872145,3.258096538,15000,Koman,Africa,25,Kwama
1512,11.51293546,3.850147602,1.00E+05,Atlantic-Congo,Africa,46,Mayogo
1515,14.72779367,4.234106505,2490000,NA,NA,68,Ndebele
1516,14.30703164,4.234106505,1634800,NA,NA,68,Ndebele
1520,4.189654742,3.465735903,65,Atlantic-Congo,Africa,31,Dompo
1522,8.3918567,3.555348061,4410,NA,NA,34,Heiban
1523,11.00211651,3.784189634,60000,Mande,Africa,43,Koyaga
1527,5.303304908,3.465735903,200,Atlantic-Congo,Africa,31,Mbalanhu
1528,10.30898599,3.63758616,30000,Atlantic-Congo,Africa,37,Kwambi
1533,13.72744517,3.663561646,915700,Atlantic-Congo,Africa,38,Konkomba
1538,13.41503448,3.555348061,670000,NA,NA,34,Bena
1539,11.4616427,3.555348061,95000,NA,NA,34,Bena
1541,9.210440367,3.663561646,10000,Mande,Africa,38,Kakabe
1542,10.16589028,3.36729583,26000,NA,NA,28,Lele
1543,10.16589028,3.36729583,26000,NA,NA,28,Lele
1544,10.04329297,3.36729583,23000,NA,NA,28,Lele
1545,8.131824785,3.36729583,3400,NA,NA,28,Lele
1548,9.615872145,3.63758616,15000,NA,NA,37,Kyanga
1549,8.699681401,3.63758616,6000,Mande,Africa,37,Shanga
1550,10.91692314,3.663561646,55100,Atlantic-Congo,Africa,38,Abure
1551,9.392745259,3.63758616,12000,Atlantic-Congo,Africa,37,Bankon
1553,10.1924563,3.912023005,26700,Atlantic-Congo,Africa,49,Aghem
1554,9.241935934,4.094344562,10320,Afro-Asiatic,Africa,59,Arbore
1555,10.82974842,3.663561646,50500,Atlantic-Congo,Africa,38,Abidji
1556,11.51293546,3.496507561,1.00E+05,Atlantic-Congo,Africa,32,Adioukrou
1558,10.04329297,3.610917913,23000,Atlantic-Congo,Africa,36,Alladian
1561,9.210440367,3.555348061,10000,Atlantic-Congo,Africa,34,Akpes
1562,10.59665973,4.317488114,40000,NA,NA,74,Iten
1563,13.70234298,3.891820298,893000,Nilotic,Africa,48,Nuer
1567,10.81979828,3.688879454,50000,Atlantic-Congo,Africa,39,Izere
1568,10.04329297,3.80666249,23000,Atlantic-Congo,Africa,44,Jere
1570,8.922791624,3.583518938,7500,Atlantic-Congo,Africa,35,Logba
1571,13.22383815,3.688879454,553400,Afro-Asiatic,Africa,39,Awngi
1572,10.35140532,3.784189634,31300,Afro-Asiatic,Africa,43,Glavda
1575,12.95749109,4.248495242,424000,Atlantic-Congo,Africa,69,Ronga
1576,12.75996063,3.688879454,348000,NA,NA,39,"Comorian, Ndzwani"
1580,9.43356392,3.610917913,12500,Indo-European,Africa,36,Angolar
1581,15.32623272,4.110873864,4530000,NA,NA,60,"Oromo, Eastern"
1583,11.51293546,3.496507561,1.00E+05,Atlantic-Congo,Africa,32,Akoose
1588,8.517393171,3.555348061,5000,Atlantic-Congo,Africa,34,Bassossi
1590,14.29360698,3.610917913,1613000,NA,NA,36,Liberian English
1591,11.00211651,3.610917913,60000,Mande,Africa,36,Gban
1592,6.216606101,3.663561646,500,NA,NA,38,Eton
1593,12.4292202,3.663561646,250000,NA,NA,38,Eton
1595,12.99453228,3.828641396,440000,Maban,Africa,45,Masalit
1597,12.20607765,4.110873864,2.00E+05,Afro-Asiatic,Africa,60,Tangale
1598,15.80338504,4.060443011,7300000,Atlantic-Congo,Africa,57,Sukuma
1600,13.48159046,3.583518938,716110,Indo-European,Africa,35,Krio
1601,15.42494867,3.135494216,5.00E+06,NA,NA,22,Kituba
1602,14.21428735,3.135494216,1490000,NA,NA,22,Kituba
1604,10.16589028,3.688879454,26000,Atlantic-Congo,Africa,39,Tuki
1605,10.67361892,3.583518938,43200,NA,NA,35,Baka
1606,10.17736224,3.583518938,26300,NA,NA,35,Baka
1607,9.971192929,3.871201011,21400,Atlantic-Congo,Africa,47,Bum
1608,10.1266711,3.850147602,25000,Afro-Asiatic,Africa,46,Daba
1609,9.615872145,4.025351691,15000,Afro-Asiatic,Africa,55,Gavar
1611,14.57163301,3.496507561,2130000,NA,NA,32,Lango
1612,10.54536775,3.496507561,38000,NA,NA,32,Lango
1613,8.936035097,3.526360525,7600,Atlantic-Congo,Africa,33,Igo
1614,11.70685439,3.871201011,121400,Atlantic-Congo,Africa,47,Kako
1615,9.210440367,3.784189634,10000,Atlantic-Congo,Africa,43,Kwanja
1618,8.294299609,3.970291914,4000,NA,NA,52,Mandara
1628,9.047939083,3.850147602,8500,Afro-Asiatic,Africa,46,Vame
1632,11.08215793,4.060443011,65000,Atlantic-Congo,Africa,57,Mbe
1634,10.11459901,4.49980967,24700,NA,NA,89,Mfumte
1637,5.993961427,3.713572067,400,Atlantic-Congo,Africa,40,Kwami
1643,9.903537551,3.663561646,20000,Afro-Asiatic,Africa,38,Siwi
1644,10.91510665,3.218875825,55000,Atlantic-Congo,Africa,24,Ndamba
1650,7.523481313,3.610917913,1850,Atlantic-Congo,Africa,36,Mungbam
1651,6.216606101,3.663561646,500,Atlantic-Congo,Africa,38,Mundabli
1652,5.303304908,3.688879454,200,Atlantic-Congo,Africa,39,Ajumbu
1653,8.006700845,3.63758616,3000,Atlantic-Congo,Africa,37,Koshin
1654,8.294299609,3.610917913,4000,NA,NA,36,Fang
1655,13.88494427,3.610917913,1071900,NA,NA,36,Fang
1656,12.92683743,4.007333185,411200,Mande,Africa,54,Kuranko
1660,9.903537551,3.465735903,20000,Atlantic-Congo,Africa,31,Mokpwe
1661,10.74507629,3.737669618,46400,,Africa,41,Siamou
1662,12.4292202,3.433987204,250000,Atlantic-Congo,Africa,30,Ngiemboon
1663,10.46313191,3.583518938,35000,NA,NA,35,Nugunu
1666,11.10196026,3.526360525,66300,Afro-Asiatic,Africa,33,Orma
1667,10.11054237,4.204692619,24600,Atlantic-Congo,Africa,66,Pinyin
1668,11.36188162,4.204692619,85980,Atlantic-Congo,Africa,66,Pana
1669,8.96200721,4.204692619,7800,Atlantic-Congo,Africa,66,Pana
1673,10.81979828,3.688879454,50000,NA,NA,39,Toura
1674,7.496097345,3.688879454,1800,NA,NA,39,Toura
1684,8.006700845,3.912023005,3000,Atlantic-Congo,Africa,49,Wawa
1685,15.1754612,3.63758616,3896000,Afro-Asiatic,Africa,37,Tachelhit
1688,12.89922233,3.610917913,4.00E+05,Atlantic-Congo,Africa,36,Fuliiru
1689,11.00211651,4.17438727,60000,,Africa,64,Sandawe
1691,11.66737039,3.401197382,116700,Atlantic-Congo,Africa,29,Ejagham
1692,12.61154109,3.33220451,3.00E+05,Atlantic-Congo,Africa,27,Yemba
1694,11.15769234,3.610917913,70100,Afro-Asiatic,Africa,36,Burji
1695,10.79755313,3.610917913,48900,Atlantic-Congo,Africa,36,Anii
1696,12.18075997,3.583518938,195000,Atlantic-Congo,Africa,35,Fipa
1697,9.546884035,3.713572067,14000,Atlantic-Congo,Africa,40,Nawuri
1698,6.216606101,3.891820298,500,Ta-Ne-Omotic,Africa,48,Anfillo
1701,7.601402335,4.17438727,2000,Atlantic-Congo,Africa,64,Iyive
1703,17.01940638,3.218875825,24628290,Austronesian,Papunesia,24,Tagalog
1705,10.1266711,3.17805383,25000,Austronesian,Papunesia,23,Kimaragang
1706,7.123672785,3.258096538,1240,NA,NA,25,Belait
1709,7.313886832,3.850147602,1500,Austronesian,Eurasia,46,Moklen
1710,8.699681401,3.663561646,6000,Austronesian,Eurasia,38,Moken
1711,13.55414709,3.258096538,770000,Austronesian,Papunesia,25,Nias
1712,18.25070468,3.526360525,84368500,Austronesian,Papunesia,33,Javanese
1713,11.47211389,3.17805383,96000,Austronesian,Papunesia,23,Buol
1715,9.546884035,3.33220451,14000,Austronesian,Papunesia,27,Mori Bawah
1716,12.38839837,3.401197382,240000,Austronesian,Papunesia,29,Kambera
1717,13.04656382,2.944438979,463500,NA,NA,18,Tetun
1719,8.922791624,3.135494216,7500,NA,NA,22,Leti
1721,11.15626481,2.995732274,70000,Austronesian,Papunesia,19,Biak
1728,16.95945036,3.465735903,23195070,Austronesian,Papunesia,31,Indonesian
1730,16.57615327,3.091042453,15810000,Austronesian,Papunesia,21,Cebuano
1732,15.42850235,3.258096538,5017800,NA,NA,25,Bugis
1734,15.56818281,3.258096538,5770000,Austronesian,Papunesia,25,Hiligaynon
1736,15.52569855,3.526360525,5530000,Austronesian,Papunesia,33,Minangkabau
1738,11.28979441,3.761200116,80000,Austronesian,Papunesia,42,Tengger
1743,10.25417963,3.713572067,28400,Sino-Tibetan,Eurasia,40,Apatani
1744,16.36715807,3.63758616,12828220,Indo-European,Eurasia,37,Assamese
1745,14.92473336,3.828641396,3032000,Indo-European,Eurasia,45,Awadhi
1746,11.81303746,3.663561646,135000,Dravidian,Eurasia,38,Badaga
1747,12.75708294,3.988984047,347000,Sino-Tibetan,Eurasia,53,Balti
1749,19.3057493,3.891820298,242315050,Indo-European,Eurasia,48,Bengali
1750,15.01245905,4.143134726,3310000,Indo-European,Eurasia,62,Bhili
1753,9.210440367,4.043051268,10000,Indo-European,Eurasia,56,Brokskat
1754,14.93718845,4.025351691,3070000,Indo-European,Eurasia,55,Bundeli
1757,7.467942332,3.761200116,1750,NA,NA,42,Darmiya
1761,13.82447129,3.091042453,1009000,Sino-Tibetan,Eurasia,21,Garo
1763,17.66262529,4.110873864,46857670,Indo-European,Eurasia,60,Gujarati
1765,13.58357976,3.761200116,793000,Indo-European,Eurasia,42,Halbi
1766,19.37669111,4.077537444,260129750,Indo-European,Eurasia,58,Hindi
1767,13.85473223,3.784189634,1040000,Austroasiatic,Eurasia,43,Ho
1768,12.20607765,3.970291914,2.00E+05,NA,NA,52,Irula
1769,11.51293546,3.951243719,1.00E+05,Indo-European,Eurasia,51,Jaunsari
1770,10.07327252,3.610917913,23700,Austroasiatic,Eurasia,36,Juang
1771,14.3461394,3.737669618,1700000,Indo-European,Eurasia,41,Kangri
1772,17.44620569,3.871201011,37739040,Dravidian,Eurasia,47,Kannada
1776,15.5173455,4.043051268,5484000,Indo-European,Eurasia,56,Kashmiri
1778,12.38939787,3.828641396,240240,Austroasiatic,Eurasia,45,Kharia
1779,13.64472342,3.713572067,843000,Austroasiatic,Eurasia,40,Khasi
1785,14.70074025,3.828641396,2423540,NA,NA,45,Konkani
1786,15.61679799,3.828641396,6057440,NA,NA,45,Konkani
1788,13.26038642,3.63758616,574000,Austroasiatic,Eurasia,37,Korku
1789,6.836259277,3.737669618,930,NA,NA,41,Kota
1790,10.57134257,3.737669618,39000,NA,NA,41,Kota
1791,12.79940225,3.465735903,362000,Dravidian,Eurasia,31,Koya
1792,7.550135342,3.688879454,1900,NA,NA,39,Kui
1793,13.72777274,3.688879454,916000,NA,NA,39,Kui
1795,14.40562839,4.043051268,1804200,NA,NA,56,Kurux
1796,11.97035664,3.871201011,158000,Dravidian,Eurasia,47,Kuvi
1797,11.66993776,3.828641396,117000,NA,NA,45,Ladakhi
1802,17.33863057,3.761200116,33890000,Indo-European,Eurasia,42,Maithili
1803,17.35507183,3.784189634,34451800,Dravidian,Eurasia,43,Malayalam
1807,18.08905739,4.025351691,71775760,Indo-European,Eurasia,55,Marathi
1809,13.2194919,3.850147602,551000,Sino-Tibetan,,46,Mising
1811,13.9290901,3.688879454,1120280,Austroasiatic,Eurasia,39,Mundari
1813,16.54809733,3.871201011,15372600,Indo-European,Eurasia,47,Nepali
1814,16.5980868,3.871201011,16160600,Indo-European,Eurasia,47,Nepali
1817,17.30156584,3.784189634,32656870,NA,NA,43,Oriya
1821,12.76569129,3.496507561,350000,Dravidian,Eurasia,32,Pengo
1824,9.554000996,3.828641396,14100,Indo-European,Eurasia,45,Sanskrit
1827,13.2399704,3.891820298,562400,Indo-European,Eurasia,48,Shina
1828,17.01195675,4.127134385,24445500,Indo-European,Eurasia,61,Sindhi
1830,18.03451506,3.784189634,67965790,Dravidian,Eurasia,43,Tamil
1833,18.12287158,3.951243719,74244300,Dravidian,Eurasia,51,Telugu
1835,7.353081921,3.988984047,1560,Dravidian,Eurasia,53,Toda
1837,14.35783543,3.583518938,1720000,Dravidian,Eurasia,35,Tulu
1839,18.05034333,4.007333185,69050130,Indo-European,Eurasia,54,Urdu
1844,12.46230662,3.36729583,258410,Araucanian,South America,28,Mapudungun
1845,5.525452939,3.401197382,250,Arawakan,South America,29,Achagua
1846,7.930565854,3.555348061,2780,Arawakan,South America,34,Apurinã
1848,10.46882977,3.135494216,35200,Arawakan,South America,22,Asháninka
1853,6.415096959,3.218875825,610,NA,NA,24,Baniwa
1854,6.415096959,3.295836866,610,NA,NA,26,Baniwa
1855,5.484796933,3.17805383,240,Arawakan,South America,23,Baré
1856,5.602118821,2.890371758,270,Arawakan,South America,17,Cabiyarí
1857,5.707110265,3.33220451,300,Arawakan,South America,27,Caquinte
1858,1.098612289,3.401197382,2,Arawakan,South America,29,Chamicuro
1859,9.382695764,3.401197382,11880,Arawakan,South America,29,Curripaco
1860,5.771441123,3.258096538,320,Arawakan,South America,25,Enawené-Nawé
1861,1.609437912,3.465735903,4,Arawakan,South America,31,Iñapari
1864,8.684570301,3.33220451,5910,NA,NA,27,Matsigenka
1865,5.442417711,3.17805383,230,Arawakan,South America,23,Mehináku
1866,5.525452939,3.33220451,250,Arawakan,South America,27,Nanti
1867,8.77971129,3.258096538,6500,NA,NA,25,Nomatsigenga
1868,7.340186835,3.218875825,1540,Arawakan,South America,24,Palikúr
1869,3.044522438,3.258096538,20,Arawakan,South America,25,Paraujano
1871,8.761080104,2.995732274,6380,Arawakan,South America,19,Piapoco
1872,2.708050201,3.63758616,14,Arawakan,South America,37,Resígaro
1873,4.615120517,3.663561646,100,Arawakan,South America,38,Tariana
1874,9.667828508,3.17805383,15800,NA,NA,23,Terêna
1877,5.771441123,3.295836866,320,Arawakan,South America,26,Waurá
1881,0.693147181,3.091042453,1,Arawakan,South America,21,Yavitero
1882,2.197224577,3.091042453,8,Arawakan,South America,21,Yawalapití
1883,8.294299609,3.295836866,4000,Arawakan,South America,26,Yine
1884,7.496097345,3.091042453,1800,Arawakan,South America,21,Yucuna
1885,3.713572067,2.944438979,40,Arawakan,South America,18,Baure
1886,8.412054873,2.995732274,4500,Arawakan,South America,19,Ignaciano
1887,6.608000625,3.135494216,740,NA,NA,22,Dení
1888,6.685860947,2.833213344,800,NA,NA,16,Jamamadí
1890,8.26898821,3.091042453,3900,NA,NA,21,Kulina
1891,5.673323267,3.36729583,290,NA,NA,28,Paumarí
1892,4.94875989,3.17805383,140,Arawan,South America,23,Suruahá
1893,14.34731518,3.496507561,1702000,NA,NA,32,Aymara
1894,6.608000625,3.761200116,740,Aymaran,South America,42,Jaqaru
1895,9.624500898,3.295836866,15130,Barbacoan,South America,26,Awa-Cuaiquer
1897,9.952325335,3.258096538,21000,Barbacoan,South America,25,Guambiano
1899,6.746412129,3.737669618,850,Boran,South America,41,Bora
1901,5.017279837,3.36729583,150,Boran,South America,28,Muinane
1903,8.970940398,2.944438979,7870,Cahuapanan,South America,18,Shawi
1904,2.397895273,3.218875825,10,Cariban,South America,24,Akurio
1905,6.11146734,3.218875825,450,Cariban,South America,24,Apalaí
1906,5.831882477,2.890371758,340,NA,NA,17,"Arára, Pará"
1907,6.857514063,3.433987204,950,Cariban,South America,30,Bakairí
1908,6.857514063,3.36729583,950,Cariban,South America,28,Bakairí
1909,8.903679333,2.890371758,7358,NA,NA,17,Carib
1910,8.903679333,2.772588722,7358,NA,NA,15,Carib
1911,8.903679333,2.772588722,7358,NA,NA,15,Carib
1912,1.945910149,3.091042453,6,Cariban,South America,21,Carijona
1913,6.398594935,3.17805383,600,Cariban,South America,23,Hixkaryána
1914,5.739792912,2.944438979,310,Cariban,South America,18,Ikpeng
1916,5.141663557,3.044522438,170,NA,NA,20,Japreria
1918,6.918695219,3.295836866,1010,Cariban,South America,26,Kuikúro-Kalapálo
1919,9.799847778,3.135494216,18030,Cariban,South America,22,Macushi
1920,2.564949357,2.995732274,12,Cariban,South America,19,Mapoyo
1923,8.701346403,3.091042453,6010,Cariban,South America,21,Pemon
1924,8.701346403,2.890371758,6010,Cariban,South America,17,Pemon
1926,7.333676396,3.218875825,1530,Cariban,South America,24,Trió
1927,6.836259277,3.33220451,930,NA,NA,27,Waimiri-Atroarí
1928,7.710205194,3.044522438,2230,Cariban,South America,20,Waiwai
1929,6.746412129,2.833213344,850,Cariban,South America,16,Wayana
1930,3.044522438,2.944438979,20,Cariban,South America,18,Yabarana
1931,1.098612289,2.944438979,2,Chapacuran,South America,18,Oro Win
1933,10.03455967,3.091042453,22800,NA,NA,21,Ika
1934,8.517393171,3.135494216,5000,Chibchan,South America,22,Barí
1936,5.860786223,3.610917913,350,Chibchan,South America,36,Chimila
1937,7.8559322,3.63758616,2580,,South America,37,Cofán
1938,9.20140053,3.610917913,9910,NA,NA,36,Kogi
1942,9.287394001,3.526360525,10800,Chocoan,South America,33,Woun Meu
1943,8.517393171,3.526360525,5000,Chocoan,South America,33,Emberá-Baudó
1944,9.618535085,3.465735903,15040,Chocoan,South America,31,Emberá-Catío
1945,8.614501374,3.36729583,5510,Chocoan,South America,28,Emberá-Chamí
1947,8.296795866,3.663561646,4010,Chocoan,South America,38,Epena
1952,7.955425089,3.258096538,2850,Guahiboan,South America,25,Cuiba
1953,10.44001016,3.583518938,34200,Guahiboan,South America,35,Guahibo
1954,6.908754779,3.135494216,1000,Guahiboan,South America,22,Guayabero
1955,5.707110265,3.135494216,300,Guahiboan,South America,22,Macaguán
1957,7.372118028,3.465735903,1590,Guaicuruan,South America,31,Kadiwéu
1958,8.006700845,3.401197382,3000,Guaicuruan,South America,29,Mocoví
1959,8.294299609,3.135494216,4000,Guaicuruan,South America,22,Pilagá
1960,10.61548102,3.295836866,40760,Guaicuruan,South America,26,Toba
1961,10.61548102,3.36729583,40760,Guaicuruan,South America,28,Toba
1962,7.555381944,3.526360525,1910,Harakmbut,South America,33,Amarakaeri
1966,8.294299609,3.33220451,4000,,South America,27,Camsá
1968,1.609437912,3.526360525,4,,South America,33,Cayubaba
1970,1.791759469,3.258096538,5,,South America,25,Itonama
1971,3.044522438,3.433987204,20,,South America,30,Leco
1974,7.280008253,3.401197382,1450,,South America,29,Movima
1976,10.59665973,3.912023005,40000,,South America,49,Páez
1977,7.965892735,2.995732274,2880,,South America,19,Puinave
1978,0.693147181,2.890371758,1,,South America,17,Taushiro
1979,10.76217036,3.526360525,47200,Ticuna-Yuri,South America,33,Ticuna
1980,1.098612289,3.713572067,2,,South America,40,Tinigua
1981,3.951243719,3.401197382,51,,South America,29,Trumai
1982,8.006700845,3.091042453,3000,,South America,21,Urarina
1984,7.409136444,3.496507561,1650,,South America,32,Waorani
1985,10.25769445,2.833213344,28500,,South America,16,Warao
1988,9.270588452,3.33220451,10620,Chicham,South America,27,Achuar-Shiwiar
1991,11.03329161,3.091042453,61900,Chicham,South America,21,Shuar
1995,7.139660336,3.555348061,1260,Nuclear-Macro-Je,South America,34,Apinayé
1996,1.098612289,3.258096538,2,Nuclear-Macro-Je,South America,25,Arikapú
1997,7.239214974,3.135494216,1392,NA,NA,22,Borôro
1998,7.824445931,3.401197382,2500,NA,NA,29,Canela
2001,1.609437912,3.258096538,4,,South America,25,Guató
2002,0.693147181,3.218875825,1,NA,NA,24,Jabutí
2003,9.798182591,2.833213344,18000,Nuclear-Macro-Je,South America,16,Kaingang
2004,7.890208213,3.218875825,2670,Nuclear-Macro-Je,South America,24,Karajá
2006,7.550135342,3.850147602,1900,Nuclear-Macro-Je,South America,46,Krahô
2007,2.397895273,3.583518938,10,Nuclear-Macro-Je,South America,35,Krenak
2009,7.147559271,3.044522438,1270,Nuclear-Macro-Je,South America,20,Maxakalí
2010,1.098612289,3.218875825,2,Nuclear-Macro-Je,South America,24,Ofayé
2011,5.929589143,3.295836866,375,Nuclear-Macro-Je,South America,26,Panará
2014,3.713572067,3.36729583,40,Nuclear-Macro-Je,South America,28,Rikbaktsa
2015,5.860786223,3.36729583,350,Nuclear-Macro-Je,South America,28,Suyá
2017,0.693147181,3.044522438,1,Bororoan,South America,20,Umotína
2018,9.169622539,3.218875825,9600,Nuclear-Macro-Je,South America,24,Xavánte
2019,7.501634458,3.33220451,1810,Nuclear-Macro-Je,South America,27,Xerénte
2020,6.634633358,3.63758616,760,Nuclear-Macro-Je,South America,37,Xokleng
2024,7.313886832,3.496507561,1500,NA,NA,32,Maka
2030,8.579416535,3.737669618,5320,NA,NA,41,Tsimané
2031,5.888877958,2.48490665,360,,South America,11,Pirahã
2032,4.454347296,3.688879454,85,Nadahup,South America,39,Dâw
2034,5.993961427,3.555348061,400,Nadahup,South America,34,Nadëb
2035,6.216606101,3.583518938,500,Nadahup,South America,35,Yuhup
2038,5.802118375,3.555348061,330,Nambiquaran,South America,34,Mamaindé
2039,2.079441542,2.833213344,7,Nambiquaran,South America,16,Sabanê
2040,6.255750042,3.17805383,520,Pano-Tacanan,South America,23,Amahuaca
2042,3.931825633,3.218875825,50,Pano-Tacanan,South America,24,Capanahua
2044,6.311734809,3.044522438,550,Pano-Tacanan,South America,20,Chácobo
2045,7.048386409,3.17805383,1150,NA,NA,23,Kashinawa
2047,5.602118821,3.044522438,270,Pano-Tacanan,South America,20,Kaxararí
2048,3.295836866,3.044522438,26,Pano-Tacanan,South America,20,Korubo
2049,5.771441123,3.091042453,320,Pano-Tacanan,South America,21,Matís
2050,7.710205194,3.091042453,2230,Pano-Tacanan,South America,21,Matsés
2055,2.302585093,2.944438979,9,NA,NA,18,Shanenawa
2059,6.255750042,2.995732274,520,Pano-Tacanan,South America,19,Yawanawa
2060,5.141663557,3.135494216,170,Pano-Tacanan,South America,22,Yora
2061,8.517393171,3.17805383,5000,Peba-Yagua,South America,23,Yagua
2069,9.998843186,3.135494216,22000,Quechuan,South America,22,Inga
2070,9.998843186,2.833213344,22000,Quechuan,South America,16,Inga
2084,9.58747459,3.433987204,14580,Jodi-Saliban,South America,30,Piaroa
2085,7.346655163,3.433987204,1550,Jodi-Saliban,South America,30,Sáliba
2086,4.709530201,3.17805383,110,Pano-Tacanan,South America,23,Araona
2087,7.427144133,3.218875825,1680,Pano-Tacanan,South America,24,Cavineña
2088,6.994849986,3.091042453,1090,Pano-Tacanan,South America,21,Ese Ejja
2090,5.525452939,3.135494216,250,Pano-Tacanan,South America,22,Reyesano
2091,7.50714108,3.135494216,1820,Pano-Tacanan,South America,22,Tacana
2092,7.544861069,2.890371758,1890,Tucanoan,South America,17,Barasana-Eduria
2094,8.137688185,2.944438979,3420,Tucanoan,South America,18,Desano
2097,7.650168701,3.433987204,2100,Tucanoan,South America,30,Koreguaje
2098,7.065613364,3.135494216,1170,Tucanoan,South America,22,Macuna
2100,7.539558829,3.218875825,1880,NA,NA,24,Piratapuyo
2101,7.065613364,3.295836866,1170,Tucanoan,South America,26,Secoya
2102,6.216606101,3.433987204,500,NA,NA,30,Siona
2103,5.384495063,3.17805383,217,Tucanoan,South America,23,Siriano
2104,5.707110265,3.091042453,300,Tucanoan,South America,21,Tanimuca-Retuarã
2105,5.993961427,2.890371758,400,Tucanoan,South America,17,Tatuyo
2106,8.794976432,3.33220451,6600,Tucanoan,South America,27,Tucano
2107,6.84694314,3.17805383,940,Tucanoan,South America,23,Tuyuca
2108,6.29156914,3.135494216,539,Tucanoan,South America,22,Waimaha
2110,6.908754779,3.555348061,1000,Tupian,South America,34,Aché
2112,4.430816799,3.295836866,83,Tupian,South America,26,Amundava
2113,0.693147181,3.135494216,1,Tupian,South America,22,Apiaká
2114,5.638354669,3.091042453,280,Tupian,South America,21,Araweté
2117,2.708050201,3.218875825,14,Tupian,South America,24,Avá-Canoeiro
2118,5.141663557,3.295836866,170,Tupian,South America,26,Awetí
2121,5.993961427,3.433987204,400,Tupian,South America,30,Emerillon
2122,5.831882477,3.401197382,340,NA,NA,29,Gavião do Jiparaná
2123,5.638354669,3.218875825,280,Tupian,South America,24,Guajá
2124,9.480443842,3.135494216,13100,Tupian,South America,22,Guajajára
2127,8.687948112,3.295836866,5930,Tupian,South America,26,Guarayu
2128,2.079441542,3.218875825,7,Tupian,South America,24,Júma
2129,5.638354669,3.36729583,280,Tupian,South America,28,Jurúna
2130,6.685860947,3.295836866,800,NA,NA,26,Kaapor
2131,9.798182591,3.295836866,18000,Tupian,South America,26,Kaiwá
2132,5.993961427,3.295836866,400,Tupian,South America,26,Kamayurá
2133,5.351858133,3.465735903,210,Tupian,South America,31,Karitiâna
2134,7.300472814,3.258096538,1480,Tupian,South America,25,Karo
2135,5.351858133,3.258096538,210,Tupian,South America,25,Karo
2136,6.908754779,3.295836866,1000,Tupian,South America,26,Kayabí
2137,1.386294361,3.36729583,3,Tupian,South America,28,Kuruáya
2138,3.828641396,3.044522438,45,Tupian,South America,20,Makuráp
2139,8.922791624,3.63758616,7500,Tupian,South America,37,Mundurukú
2141,2.397895273,2.944438979,10,Tupian,South America,18,Omagua
2142,6.398594935,3.33220451,600,Tupian,South America,27,Pai Tavytera
2143,6.803505258,2.890371758,900,Tupian,South America,17,Parakanã
2144,3.258096538,3.295836866,25,NA,NA,26,Sakirabiá
2145,9.122710622,3.33220451,9160,Tupian,South America,27,Sateré-Mawé
2146,6.918695219,3.401197382,1010,Tupian,South America,29,Suruí
2148,6.329720906,3.17805383,560,Tupian,South America,23,Tapirapé
2149,5.017279837,3.091042453,150,NA,NA,21,Tembé
2150,6.364750757,3.295836866,580,NA,NA,26,Tenharim
2151,5.831882477,3.401197382,340,Tupian,South America,29,Tuparí
2153,4.477336814,3.295836866,87,Tupian,South America,26,Uru-Eu-Wau-Wau
2154,7.074116816,3.258096538,1180,Tupian,South America,25,Wayampi
2155,7.074116816,3.295836866,1180,Tupian,South America,26,Wayampi
2157,0.693147181,3.17805383,1,Tupian,South America,23,Xipaya
2159,5.993961427,3.433987204,400,Tupian,South America,30,Sirionó
2160,4.795790546,3.713572067,120,Tupian,South America,40,Yuqui
2161,5.198497031,3.258096538,180,,South America,25,Aikanã
2164,1.791759469,3.295836866,5,NA,NA,26,Kanoé
2167,2.079441542,3.583518938,7,,South America,35,Kwaza
2168,8.974744613,3.663561646,7900,,South America,38,Pumé
2169,7.090909822,3.951243719,1200,Uru-Chipaya,South America,51,Chipaya
2170,1.098612289,3.526360525,2,Uru-Chipaya,South America,33,Uru
2171,8.824824939,3.218875825,6800,NA,NA,24,"Huitoto, Minica"
2172,8.96200721,3.044522438,7800,NA,NA,20,"Huitoto, Murui"
2173,1.386294361,3.295836866,3,Huitotoan,South America,26,Nonuya
2174,5.272999559,3.583518938,194,Huitotoan,South America,35,Ocaina
2175,6.803505258,2.944438979,900,Yanomamic,South America,18,Ninam
2176,8.531293316,3.218875825,5070,Yanomamic,South America,24,Sanumá
2177,8.699681401,3.044522438,6000,Yanomamic,South America,20,Yanomámi
2178,9.888424675,2.995732274,19700,Yanomamic,South America,19,Yanomamö
2179,7.378383713,3.63758616,1600,Zamucoan,South America,37,Chamacoco
2180,8.366602833,3.433987204,4300,Zamucoan,South America,30,Ayoreo
2182,3.931825633,3.401197382,50,Zaparoan,South America,29,Arabela
2184,1.791759469,3.135494216,5,Zaparoan,South America,22,Záparo
2188,14.34731518,3.465735903,1702000,NA,NA,31,Aymara
2195,2.890371758,3.044522438,17,Pano-Tacanan,South America,20,Pacahuara
2196,8.703008637,3.091042453,6020,Cariban,South America,21,Yukpa
2197,8.703008637,2.944438979,6020,Cariban,South America,18,Yukpa
2198,8.612685173,3.433987204,5500,Arawakan,South America,30,Trinitario
2199,16.89840724,4.234106505,21821520,Afro-Asiatic,Africa,68,Amharic
2200,19.49152316,3.63758616,291783650,NA,NA,37,Arabic
2202,16.36715807,3.526360525,12828220,Indo-European,Eurasia,33,Assamese
2203,5.081404365,3.258096538,160,Nyulnyulan,Australia,25,Bardi
2204,13.20228485,3.583518938,541600,,Eurasia,35,Basque
2205,19.3057493,4.290459441,242315050,Indo-European,Eurasia,72,Bengali
2206,15.90349315,3.433987204,8068620,Indo-European,Eurasia,30,Bulgarian
2207,17.30824133,4.043051268,32875600,Sino-Tibetan,Eurasia,56,Burmese
2209,20.97149314,3.891820298,1281751240,NA,NA,48,Chinese
2210,15.52608184,4.248495242,5532120,Indo-European,Eurasia,69,Danish
2212,16.91393574,3.63758616,22163020,Indo-European,Eurasia,37,Dutch
2213,16.91393574,4.043051268,22163020,Indo-European,Eurasia,56,Dutch
2214,16.91393574,3.951243719,22163020,Indo-European,Eurasia,51,Dutch
2215,16.91393574,4.007333185,22163020,Indo-European,Eurasia,54,Dutch
2216,16.91393574,4.077537444,22163020,Indo-European,Eurasia,58,Dutch
2217,16.91393574,4.060443011,22163020,Indo-European,Eurasia,57,Dutch
2224,14.01234381,4.007333185,1217540,Uralic,Eurasia,54,Estonian
2225,18.14751192,3.610917913,76096430,Indo-European,Eurasia,36,French
2229,16.38640307,3.737669618,13077490,NA,NA,41,Greek
2230,16.38640307,3.17805383,13077490,NA,NA,23,Greek
2231,17.12510791,3.850147602,27374100,Afro-Asiatic,Africa,46,Hausa
2232,15.47167956,3.33220451,5239200,NA,NA,27,Hebrew
2233,19.37669111,4.317488114,260129750,Indo-European,Eurasia,74,Hindi
2234,16.34893281,4.17438727,12596540,Uralic,Eurasia,64,Hungarian
2235,16.70632394,3.583518938,18007950,Atlantic-Congo,Africa,35,Igbo
2236,12.03136801,3.931825633,167940,Indo-European,Eurasia,50,Irish
2238,17.96450287,4.262679877,63370110,Indo-European,Eurasia,70,Italian
2239,18.66905031,3.091042453,128193360,Japonic,Eurasia,21,Japanese
2240,18.16234089,3.891820298,77233270,Koreanic,Eurasia,48,Korean
2241,12.44678496,3.555348061,254430,,Africa,34,Kunama
2243,12.72486942,3.850147602,336000,Indo-European,Eurasia,46,Luxembourgish
2244,8.003363059,4.077537444,2990,NA,NA,58,Mah Meri
2246,11.58989577,4.094344562,108000,,Africa,59,Nara
2247,16.54809733,4.317488114,15372600,Indo-European,Eurasia,74,Nepali
2248,16.5980868,4.317488114,16160600,Indo-European,Eurasia,74,Nepali
2249,17.94150592,3.401197382,61929420,NA,NA,29,Persian
2253,15.45431327,3.80666249,5149000,Indo-European,Eurasia,44,Slovak
2254,19.89468317,3.663561646,436667750,Indo-European,Eurasia,38,Spanish
2258,11.5228857,3.988984047,101000,Afro-Asiatic,Africa,53,Tera
2259,16.83830099,3.871201011,20548550,Tai-Kadai,Eurasia,47,Thai
2261,18.07936117,3.610917913,71083170,Turkic,Eurasia,36,Turkish
2264,10.82974842,3.433987204,50500,Afro-Asiatic,Africa,30,Kera
2265,8.208219383,3.583518938,3670,Indo-European,Eurasia,35,Kumzari
2270,8.058643712,3.258096538,3160,Pama-Nyungan,Australia,25,Pitjantjatjara
2277,18.03587997,3.828641396,68058620,Austroasiatic,Eurasia,45,Vietnamese
2281,7.259116128,4.110873864,1420,Nakh-Daghestanian,Eurasia,60,Hunzib
2282,9.729193687,3.401197382,16800,Tungusic,Eurasia,29,Evenki
2295,12.68510105,4.248495242,322900,Nakh-Daghestanian,Eurasia,69,Ingush
2299,6.957497371,3.761200116,1050,Turkic,Eurasia,42,Dolgan
2302,10.07327252,3.63758616,23700,Austroasiatic,Eurasia,37,Juang
2309,15.52608184,3.295836866,5532120,Indo-European,Eurasia,26,Danish
2313,18.14751192,3.555348061,76096430,Indo-European,Eurasia,34,French
2314,8.006700845,3.688879454,3000,Indo-European,Eurasia,39,Ishkashimi
2322,9.615872145,3.912023005,15000,Indo-European,Eurasia,49,Mirandese
2324,11.50086301,3.688879454,98800,Sino-Tibetan,Eurasia,39,Tshangla
2333,8.575650761,3.80666249,5300,Indo-European,Eurasia,44,Munji
2337,11.97035664,3.63758616,158000,Dravidian,Eurasia,37,Kuvi
2338,8.699681401,3.401197382,6000,Sino-Tibetan,Eurasia,29,Thakali
2339,13.9290901,3.36729583,1120280,Austroasiatic,Eurasia,28,Mundari
2341,4.394449155,3.496507561,80,Chukotko-Kamchatkan,Eurasia,32,Itelmen
2343,10.0558223,3.871201011,23290,NA,NA,47,Bhujel
2345,6.908754779,3.610917913,1000,Mongolic,Eurasia,36,Kangjia
2356,11.473155,4.060443011,96100,NA,NA,57,Daur
2362,13.27880457,3.663561646,584670,NA,NA,38,Karakalpak
2374,4.262679877,3.583518938,70,Indo-European,Eurasia,35,Wymysorys
2378,12.61154109,3.688879454,3.00E+05,Indo-European,Eurasia,39,Friulian
2381,12.72486942,3.891820298,336000,Indo-European,Eurasia,48,Luxembourgish
2386,16.54809733,3.80666249,15372600,Indo-European,Eurasia,44,Nepali
2387,16.5980868,3.80666249,16160600,Indo-European,Eurasia,44,Nepali
2391,9.210440367,4.204692619,10000,Sino-Tibetan,Eurasia,66,Baima
2392,8.003363059,4.077537444,2990,NA,NA,58,Mah Meri
2394,13.28022317,4.094344562,585500,Abkhaz-Adyge,Eurasia,59,Adyghe
2400,12.96641341,3.465735903,427800,Turkic,Eurasia,31,Kumyk
2401,8.361941906,3.891820298,4280,Sino-Tibetan,Eurasia,48,Chantyal
2402,17.49042549,3.951243719,39445300,Indo-European,Eurasia,51,Bhojpuri
2406,8.224431573,3.80666249,3730,Tai-Kadai,Eurasia,44,Saek
2407,8.537191878,3.044522438,5100,Chukotko-Kamchatkan,Eurasia,20,Chukchi
2418,11.34214901,3.218875825,84300,Austronesian,Papunesia,24,Atayal
2423,11.14187628,3.610917913,69000,Indo-European,Eurasia,36,Faroese
2435,8.07121854,3.951243719,3200,Nakh-Daghestanian,Eurasia,51,Bats
2439,12.37615713,4.077537444,237080,Sino-Tibetan,Eurasia,58,Dzongkha
2450,16.91393574,3.784189634,22163020,Indo-European,Eurasia,43,Dutch
2457,3.258096538,3.33220451,25,Chukotko-Kamchatkan,Eurasia,27,Alutor
2472,17.96450287,3.433987204,63370110,Indo-European,Eurasia,30,Italian
2473,15.11556624,3.526360525,3669500,Kartvelian,Eurasia,33,Georgian
2475,16.57615327,2.995732274,15810000,Austronesian,Papunesia,19,Cebuano
2487,11.37367489,3.80666249,87000,NA,NA,44,Võro
2499,16.45710759,3.931825633,14035600,Indo-European,Eurasia,50,Magahi
2508,9.890959402,3.988984047,19750,Sino-Tibetan,Eurasia,53,Dhimal
2510,8.665785595,4.234106505,5800,Nakh-Daghestanian,Eurasia,68,Andi
2511,18.05034333,4.077537444,69050130,Indo-European,Eurasia,58,Urdu
2522,12.20607765,3.555348061,2.00E+05,Mongolic,Eurasia,34,Dongxiang
2526,6.216606101,3.526360525,500,Konda-Yahadian,Papunesia,33,Konda
2540,17.30156584,3.761200116,32656870,NA,NA,42,Oriya
2558,17.01940638,3.295836866,24628290,Austronesian,Papunesia,26,Tagalog
2559,10.96821553,3.931825633,58000,Indo-European,Eurasia,50,Wakhi
2568,11.15626481,3.784189634,70000,Turkic,Eurasia,43,Salar
2572,7.065613364,3.850147602,1170,Sino-Tibetan,Eurasia,46,Walungge
2573,13.26038642,3.737669618,574000,Austroasiatic,Eurasia,41,Korku
2578,9.903537551,4.110873864,20000,Sino-Tibetan,Eurasia,60,Ersu
2584,7.496097345,4.48863637,1800,Sino-Tibetan,Eurasia,88,Shixing
2587,19.37669111,4.025351691,260129750,Indo-European,Eurasia,55,Hindi
2592,14.35783543,3.583518938,1720000,Dravidian,Eurasia,35,Tulu
2604,17.35507183,3.988984047,34451800,Dravidian,Eurasia,53,Malayalam
2608,9.615872145,3.912023005,15000,Austroasiatic,Eurasia,49,Temiar
2613,12.65664177,3.828641396,313840,Indo-European,Eurasia,45,Icelandic
2620,11.0524919,3.63758616,63100,Uralic,Eurasia,37,Komi-Permyak
2625,5.564520407,4.043051268,260,Nakh-Daghestanian,Eurasia,56,Karata
2634,11.58989577,3.433987204,108000,Indo-European,Eurasia,30,Waneci
2650,12.61194101,4.127134385,300120,Tai-Kadai,Eurasia,61,Sui
2651,15.76376097,3.258096538,7016400,NA,NA,25,Ilocano
2653,13.24274038,4.060443011,563960,Sino-Tibetan,Eurasia,57,Akha
2656,18.03451506,3.610917913,67965790,Dravidian,Eurasia,36,Tamil
2664,14.68764081,3.433987204,2392000,Indo-European,Eurasia,30,Galician
2672,12.41714766,3.688879454,247000,Austroasiatic,Eurasia,39,Pnar
2674,6.97634807,3.295836866,1070,Maningrida,Australia,26,Burarra
2676,6.018593214,3.17805383,410,Bunaban,Australia,23,Gooniyandi
2685,3.988984047,3.465735903,53,Western Daly,Australia,31,Marti Ke
2690,4.094344562,2.890371758,59,Garrwan,Australia,17,Garrwa
2696,7.163172391,3.295836866,1290,Gunwinyguan,Australia,26,Anindilyakwa
2697,2.48490665,3.401197382,11,NA,NA,29,Dalabon
2711,0.693147181,3.218875825,1,Iwaidjan Proper,Australia,24,Amurdak
2717,4.94875989,3.17805383,140,Iwaidjan Proper,Australia,23,Iwaidja
2723,4.060443011,3.258096538,57,Maningrida,Australia,25,Nakara
2726,2.564949357,3.295836866,12,Mangarrayi-Maran,Australia,26,Alawa
2735,4.49980967,3.17805383,89,NA,NA,23,Wambaya
2742,5.081404365,3.218875825,160,Nyulnyulan,Australia,24,Bardi
2747,7.41517511,3.784189634,1660,Pama-Nyungan,Australia,43,Alyawarr
2756,4.94875989,3.784189634,140,Pama-Nyungan,Australia,43,Kaytetye
2764,3.583518938,3.091042453,35,NA,NA,21,Gamilaraay
2777,3.401197382,2.833213344,29,Pama-Nyungan,Australia,16,Dyirbal
2783,2.397895273,3.218875825,10,Pama-Nyungan,Australia,24,Yanda
2805,4.615120517,3.433987204,100,Pama-Nyungan,Australia,30,Wangkumara
2806,2.564949357,3.218875825,12,Pama-Nyungan,Australia,24,Arabana
2813,1.386294361,3.17805383,3,Pama-Nyungan,Australia,23,Badimaya
2815,7.598900457,3.526360525,1995,Pama-Nyungan,Australia,33,Nhanda
2871,4.127134385,3.218875825,61,Pama-Nyungan,Australia,24,Mangala
2872,5.739792912,3.091042453,310,Pama-Nyungan,Australia,21,Nyangumarta
2885,2.397895273,3.33220451,10,Pama-Nyungan,Australia,27,Kurrama
2887,2.944438979,3.17805383,18,Pama-Nyungan,Australia,23,Ngarla
2888,3.295836866,3.17805383,26,Pama-Nyungan,Australia,23,Ngarluma
2890,3.583518938,3.17805383,35,Pama-Nyungan,Australia,23,Nyamal
2891,1.386294361,3.258096538,3,Pama-Nyungan,Australia,25,Nyiyaparli
2894,5.739792912,3.258096538,310,Pama-Nyungan,Australia,25,Yindjibarndi
2899,5.888877958,3.17805383,360,Pama-Nyungan,Australia,23,Jaru
2901,3.891820298,3.17805383,48,Pama-Nyungan,Australia,23,Mudburra
2902,2.708050201,3.218875825,14,Pama-Nyungan,Australia,24,Ngardi
2904,6.23636959,3.17805383,510,Pama-Nyungan,Australia,23,Walmajarri
2905,3.871201011,3.36729583,47,Pama-Nyungan,Australia,28,Warlmanpa
2906,7.828436359,3.218875825,2510,Pama-Nyungan,Australia,24,Warlpiri
2936,5.017279837,2.995732274,150,NA,NA,19,Yidiny
2947,2.564949357,3.135494216,12,Pama-Nyungan,Australia,22,Umpila
2969,1.791759469,3.36729583,5,NA,NA,28,Olkol
2973,6.908754779,3.33220451,1000,NA,NA,27,Mbara
2977,4.709530201,3.33220451,110,Pama-Nyungan,Australia,27,Adnyamathanha
2980,1.098612289,3.17805383,2,NA,NA,23,Wirangu
2996,4.795790546,3.218875825,120,Pama-Nyungan,Australia,24,Yanyuwa
2997,5.739792912,3.36729583,310,Pama-Nyungan,Australia,28,Warumungu
3005,6.089044875,3.17805383,440,Pama-Nyungan,Australia,23,Kukatja
3008,6.908754779,3.17805383,1000,Pama-Nyungan,Australia,23,Ngaanyatjarra
3010,8.058643712,3.17805383,3160,Pama-Nyungan,Australia,23,Pitjantjatjara
3011,6.329720906,3.17805383,560,Pama-Nyungan,Australia,23,Yankunytjatjara
3013,7.099201744,3.218875825,1210,Pama-Nyungan,Papunesia,24,Kala Lagaw Ya
3018,7.155396302,3.465735903,1280,Pama-Nyungan,Australia,31,Gupapuyngu
3020,7.923348212,3.465735903,2760,Pama-Nyungan,Australia,31,Djambarrpuyngu
3021,5.484796933,3.465735903,240,Pama-Nyungan,Australia,31,Gumatj
3022,5.351858133,3.258096538,210,Pama-Nyungan,Australia,25,Djinang
3023,3.828641396,3.258096538,45,Pama-Nyungan,Australia,25,Djinba
3030,2.397895273,2.944438979,10,NA,NA,18,Darkinyung
3044,1.791759469,2.944438979,5,Pama-Nyungan,Australia,18,Ngarigu
3048,3.17805383,3.17805383,23,Tangkic,Australia,23,Kayardild
3049,4.007333185,3.258096538,54,Tangkic,Australia,25,Lardil
3051,7.46221494,3.135494216,1740,,Australia,22,Tiwi
3053,4.060443011,3.135494216,57,Worrorran,Australia,22,Ngarinyin
3055,0.693147181,3.36729583,1,Worrorran,Australia,28,Kwini
3056,3.433987204,3.36729583,30,Worrorran,Australia,28,Wunambal
3059,3.044522438,3.258096538,20,Worrorran,Australia,25,Worrorra
3061,4.442651256,3.135494216,84,Yangmanic,Australia,22,Wardaman
