"duration","f0slope","f0peak","intensity","f1","stress","f0mean"
0.177,"-295.59748427673","142","75","771","n",111
0.151,"48.5436893203883","110","76","462","y",107
0.067,"-200","98","69","192","n",91
0.22,"-75.7575757575758","108","72","781","n",99
0.127,"69.5652173913044","108","74","449","y",104
0.07,"-174.603174603175","104","70","272","n",100
0.09,"-86.4197530864198","114","77","445","n",108
0.059,"156.25","118","75","317","y",116
0.077,"-271.428571428571","123","74","629","n",113
0.078,"-92.3076923076922","95","66","316","n",91
0.243,"-106.666666666667","105","68","246","n",100
0.138,"-64.5161290322581","122","80","503","n",117
0.054,"257.142857142857","129","78","308","y",126
0.07,"-508.474576271187","122","74","593","n",106
0.213,"-117.647058823529","107","71","310","y",101
0.113,"-82.4742268041236","102","67","433","n",98
0.111,"-137.5","98","66","1138","n",94
0.08,"272.727272727272","108","68","921","y",106
0.073,"-37.0370370370372","92","57","1473","n",91
0.12,"-89.1089108910891","99","68","871","n",94
0.158,"71.9424460431656","106","67","388","y",102
0.117,"-87.719298245614","116","76","387","y",113
0.1,"-147.540983606557","110","71","443","n",104
0.05,"-166.666666666667","104","66","702","n",101
0.063,"-224.489795918367","102","72","430","n",95
0.061,"-72.7272727272728","99","69","615","y",97
0.062,"-62.4999999999999","96","59","645","n",95
0.21,"25.4777070063694","111","71","185","y",109
0.136,"-136.363636363636","113","69","188","n",108
0.1,"-103.448275862069","103","68","1307","n",97
0.223,"0","97","64","1060","y",97
0.051,"50","96","54","897","n",95
0.102,"-293.478260869565","119","74","721","n",102
0.128,"-20.4081632653061","98","72","925","y",98
0.083,"-53.3333333333334","91","62","1043","n",90
0.188,"-107.142857142857","126","80","364","y",122
0.156,"123.456790123457","127","77","631","n",119
0.168,"37.0370370370371","108","74","454","y",107
0.138,"-16.1290322580645","101","73","349","n",100
0.097,"-340.909090909091","108","72","394","y",94
0.111,"-240","127","74","302","n",116
0.125,"107.142857142857","116","75","468","y",109
0.091,"-352.941176470589","105","71","343","n",102
0.075,"-588.235294117648","126","71","236","y",111
0.209,"-101.063829787234","122","75","362","n",108
0.166,"-219.178082191781","125","76","339","y",112
0.12,"-493.670886075948","122","71","948","n",98
0.218,"-131.147540983607","145","78","297","n",141
0.147,"-106.55737704918","152","77","297","y",146
0.055,"-612.244897959185","124","71","751","n",110
0.18,"-67.4846625766872","128","77","359","y",119
0.135,"-32.7868852459017","111","72","408","n",109
0.151,"46.7289719626167","104","68","558","y",101
0.069,"-475","115","62","314","n",106
0.13,"-203.703703703704","126","79","415","n",122
0.078,"-352.112676056338","118","72","256","y",106
0.062,"-500","122","67","416","n",117
0.112,"-100","142","80","360","y",137
0.263,"25.5102040816327","127","75","397","n",125
0.163,"90.909090909091","114","74","455","y",111
0.116,"-151.515151515152","127","73","260","n",118
0.227,"-121.951219512195","122","79","400","n",104
0.119,"-144.578313253012","118","72","254","y",108
0.097,"-676.923076923077","124","75","905","n",96
0.082,"-202.702702702703","130","79","343","y",121
0.077,"-42.8571428571429","116","77","733","n",115
0.12,"156.25","125","78","630","y",119
0.038,"-529.411764705882","130","76","375","n",121
0.117,"-161.904761904762","117","72","397","n",106
0.164,"92.3076923076923","116","68","798","y",109
0.144,"-155.038759689922","113","73","416","y",101
0.118,"-126.582278481013","94","67","630","n",89
0.171,"78.125","101","73","206","n",100
0.057,"-71.4285714285714","95","70","755","y",94
0.116,"-101.123595505618","96","67","839","n",91
0.149,"-214.814814814815","118","69","146","n",103
0.095,"-130.434782608696","109","73","398","y",108
0.054,"-400.000000000001","111","68","355","n",104
0.055,"-333.333333333333","91","62","927","n",84
0.261,"-99.009900990099","111","68","598","n",100
0.22,"74.7663551401869","107","68","177","y",104
0.082,"-243.243243243243","110","65","375","n",105
0.127,"-260.869565217391","131","80","766","n",116
0.078,"-48.3870967741936","122","81","573","y",121
0.019,"-722.222222222222","141","75","402","n",134
0.06,"264.705882352942","146","72","507","y",143
0.073,"-483.333333333334","117","70","426","n",105
0.226,"-197.044334975369","144","80","671","n",121
0.11,"363.636363636364","160","87","625","y",150
0.026,"-652.173913043481","183","79","331","n",176
0.041,"-486.486486486486","147","80","466","n",136
0.259,"-55.5555555555556","106","73","665","y",104
0.067,"-400","111","73","332","n",98
0.102,"-87.9120879120878","100","72","659","n",96
0.137,"-121.951219512195","111","71","169","n",103
0.14,"181.818181818182","116","67","870","y",112
0.093,"-226.190476190476","114","73","411","y",104
0.096,"-275","104","66","661","n",95
0.193,"-38.4615384615385","110","76","423","y",108
0.137,"-81.3008130081301","103","72","432","n",99
0.118,"-180.722891566265","100","68","476","n",95
0.104,"82.3529411764706","141","78","694","y",137
0.107,"-195.876288659794","133","77","449","y",123
0.061,"-200","108","72","487","n",103
0.15,"-290.322580645161","112","71","523","n",102
0.117,"-142.857142857143","132","78","466","n",122
0.095,"136.363636363636","137","78","666","y",133
0.088,"-100","129","77","472","n",124
0.061,"-185.185185185185","128","75","439","n",127
0.102,"152.173913043478","148","76","471","y",141
0.107,"-68.965517241379","110","77","469","y",109
0.05,"-560.975609756099","117","76","350","n",107
0.143,"272.727272727273","151","71","251","n",136
0.206,"56.8181818181818","110","73","377","y",107
0.091,"-353.846153846154","107","63","551","n",95
0.173,"43.010752688172","113","73","339","y",112
0.155,"-89.2857142857143","94","62","1114","n",86
0.265,"101.449275362319","152","78","512","y",147
0.154,"-200","139","72","322","n",137
0.192,"70.3124999999999","125","73","278","n",120
0.116,"-68.1818181818188","104","68","191","n",102
0.133,"68.4931506849311","103","75","399","y",100
0.053,"-458.333333333333","101","69","382","n",90
0.257,"73.3944954128441","120","70","381","y",117
0.138,"98.360655737705","119","73","211","y",113
0.269,"-53.7190082644628","125","77","286","n",117
0.156,"42.8571428571427","116","72","466","y",114
0.17,"-58.8235294117645","104","74","327","n",100
0.135,"-444.444444444446","107","65","297","n",91
0.182,"104.347826086957","132","77","531","y",125
0.109,"31.7460317460318","131","76","262","n",130
0.1,"0","119","78","546","y",119
0.137,"19.8019801980198","120","76","249","n",119
0.163,"-74.8299319727891","117","75","329","y",109
0.154,"30.3030303030303","107","72","447","n",106
0.151,"-87.5912408759124","101","72","295","y",96
0.179,"-399.999999999997","87","52","380","n",80
0.115,"-115.384615384615","113","72","281","n",108
0.126,"-217.391304347826","110","71","446","y",105
0.126,"-160.377358490566","109","75","412","n",102
0.062,"175","129","76","272","y",126
0.044,"-350","133","75","418","n",126
0.088,"-126.582278481013","116","73","768","n",110
0.195,"34.7222222222222","116","76","676","y",114
0.123,"-189.189189189189","105","70","415","n",97
0.109,"185.714285714286","127","77","349","y",120
0.082,"-183.333333333333","128","75","438","n",122
0.101,"-66.6666666666668","125","75","733","n",120
0.214,"-15.625","108","73","752","y",106
0.146,"-83.969465648855","95","66","537","n",90
0.14,"76.9230769230769","117","75","678","y",113
0.081,"-125","111","70","337","n",107
0.155,"-106.382978723404","111","71","254","y",103
0.102,"-146.067415730337","93","62","946","n",88
0.193,"-210.526315789474","118","77","632","y",113
0.127,"-76.1904761904762","115","75","299","n",112
0.228,"29.1970802919708","101","68","488","n",100
0.233,"-44.9438202247191","107","71","302","y",104
0.152,"-97.0149253731342","97","65","1041","n",90
0.127,"191.919191919192","148","80","336","y",140
0.075,"-190.476190476191","136","77","539","n",129
0.077,"-115.942028985507","127","78","677","n",121
0.189,"48.2758620689655","127","81","697","y",123
0.253,"-39.0243902439024","113","74","314","y",106
0.083,"-205.882352941178","92","65","973","n",86
0.217,"-77.5862068965517","107","70","366","y",101
0.083,"-382.35294117647","101","68","494","n",90
0.203,"-27.3224043715847","114","73","319","n",112
0.075,"276.595744680851","138","71","302","y",131
0.1,"49.3827160493827","111","74","432","y",109
0.089,"-181.818181818182","109","70","329","n",103
0.134,"-44.2477876106195","100","70","470","y",98
0.097,"-164.383561643836","96","66","137","n",91
0.17,"-148.936170212766","127","82","479","n",124
0.284,"-39.2156862745098","122","75","437","y",118
0.183,"-49.3827160493827","118","75","351","n",115
0.127,"156.25","129","75","355","y",123
0.27,"-98.7654320987654","123","73","547","n",107
0.101,"-111.111111111111","107","73","420","y",105
0.107,"-144.329896907217","102","68","284","n",93
0.154,"-110.236220472441","110","74","755","n",100
0.156,"-148.936170212766","106","73","398","y",104
0.059,"-584.905660377359","120","71","303","n",103
0.179,"-118.012422360248","127","78","664","n",115
0.195,"192.660550458716","143","79","492","y",134
0.274,"93.7499999999999","146","76","420","n",140
0.19,"21.978021978022","114","75","575","n",113
0.085,"-194.805194805195","102","70","846","n",95
0.152,"-204.379562043796","121","74","568","n",105
0.116,"-200","116","78","430","y",112
0.1,"-100","106","75","672","n",101
0.064,"-224.137931034483","99","69","817","n",95
0.116,"-266.666666666667","116","72","748","n",98
0.112,"-128.712871287129","114","76","428","y",104
0.08,"-250","103","65","556","n",97
0.167,"-194.630872483221","136","83","628","n",126
0.12,"195.121951219512","142","84","451","y",135
0.092,"-194.805194805195","141","82","621","n",135
0.088,"-155.555555555555","132","79","641","n",130
0.09,"-370.37037037037","111","70","785","n",96
0.107,"-93.75","113","70","522","y",107
0.063,"-200","95","50","866","n",90
0.205,"-96.7741935483871","134","81","425","y",125
0.233,"-71.7703349282296","114","73","496","n",106
0.122,"-118.181818181818","101","70","273","n",94
0.254,"-118.421052631579","140","76","642","n",122
0.233,"200","143","77","320","y",134
0.189,"158.878504672897","128","73","258","n",119
0.164,"-33.7837837837838","113","75","394","y",109
0.153,"-76.9230769230769","103","74","702","n",98
0.115,"-144.329896907217","91","64","1173","n",84
0.154,"-159.420289855072","133","80","532","n",124
0.156,"-218.978102189781","132","80","341","y",113
0.077,"-246.376811594203","107","73","283","n",99
0.129,"-241.379310344828","127","76","352","y",106
0.06,"-222.222222222222","102","72","325","n",98
0.214,"-36.4583333333333","123","78","354","y",118
0.177,"-113.207547169811","115","75","460","n",103
0.098,"-135.802469135803","94","69","720","n",88
0.144,"-186.046511627907","112","70","234","n",95
0.274,"60","144","81","341","y",141
0.21,"-121.693121693122","133","79","468","n",120
0.067,"-163.934426229508","107","75","599","n",103
0.091,"-358.024691358025","133","78","356","n",114
0.082,"-202.702702702703","97","68","256","n",89
0.184,"176.923076923077","147","78","372","y",134
0.07,"-213.114754098361","127","73","384","n",123
0.114,"-196.078431372549","101","67","661","n",97
0.129,"-267.857142857143","122","74","353","y",110
0.066,"-166.666666666667","105","70","307","n",102
0.072,"-117.647058823529","91","59","179","n",89
0.129,"-142.857142857143","94","60","669","n",87
0.146,"-171.428571428571","125","76","351","y",115
0.15,"119.565217391304","120","73","370","n",115
0.08,"-203.125","103","66","448","n",98
0.156,"-202.898550724638","125","77","342","y",115
0.082,"-135.135135135135","110","74","365","n",106
0.096,"-200","98","67","696","n",95
0.206,"-177.41935483871","138","77","334","y",114
0.112,"-89.1089108910891","102","70","349","n",98
0.086,"-274.193548387097","105","66","611","n",98
0.197,"-248.587570621469","149","82","694","n",129
0.084,"542.857142857142","176","79","278","y",170
0.109,"-387.755102040817","139","78","346","n",114
0.082,"-200","104","71","364","n",99
0.066,"-217.391304347827","101","64","652","n",98
0.143,"-294.573643410853","148","73","513","n",122
0.046,"310.344827586207","151","76","289","y",148
0.07,"-338.709677419355","137","76","372","n",122
0.078,"-169.230769230769","119","73","358","n",114
0.089,"392.857142857142","137","72","223","n",134
0.086,"-194.805194805195","128","75","380","n",120
0.098,"-68.1818181818181","109","72","445","n",106
0.223,"110.497237569061","126","70","321","y",115
0.046,"-560.975609756099","128","75","320","n",115
0.104,"-319.148936170213","128","77","637","n",109
0.109,"100","123","76","768","y",119
0.119,"-182.692307692308","119","77","439","n",108
0.085,"-287.671232876713","96","67","571","n",87
0.298,"71.1111111111111","141","79","364","n",133
0.075,"-121.212121212121","149","76","595","y",147
0.075,"-269.84126984127","129","71","355","n",123
0.183,"-169.69696969697","126","77","624","n",110
0.122,"83.3333333333335","118","75","316","y",114
0.144,"-161.538461538461","124","77","359","n",111
0.069,"-345.454545454547","102","71","495","n",92
0.255,"-54.1871921182266","142","83","421","n",136
0.156,"333.333333333332","153","75","576","n",146
0.093,"-645.161290322578","138","74","246","n",135
0.215,"-124.352331606218","121","76","637","n",107
0.237,"20","114","74","283","y",112
0.156,"-171.428571428571","120","75","356","n",103
0.065,"-326.530612244898","96","68","337","n",92
0.148,"-210.526315789474","124","77","763","n",108
0.081,"41.6666666666667","109","75","278","y",108
0.15,"-140.740740740741","118","74","357","n",106
0.102,"-250","96","66","662","n",88
0.1,"-186.813186813187","132","78","370","n",122
0.095,"-60","113","74","335","y",111
0.18,"-116.564417177914","119","75","386","n",105
0.082,"-250.000000000001","98","66","555","n",91
0.295,"-129.464285714286","136","80","751","n",123
0.136,"129.62962962963","138","77","313","y",131
0.232,"-181.818181818182","145","79","450","n",118
0.077,"-390.625","114","72","335","n",103
0.144,"-257.142857142857","129","73","292","y",121
0.105,"253.333333333333","132","72","185","n",124
0.085,"810.810810810811","183","65","354","y",154
0.06,"-425.925925925926","119","63","632","n",111
0.133,"-203.703703703704","115","74","277","n",110
0.117,"210.526315789474","122","73","234","n",116
0.077,"400","167","72","333","y",149
0.09,"-543.209876543209","124","69","520","n",105
0.111,"-240","136","79","390","y",122
0.134,"319.148936170213","141","73","196","n",129
0.085,"370.967741935484","164","70","349","y",145
0.049,"-409.090909090909","126","71","198","n",119
0.105,"-368.421052631579","121","74","750","n",106
0.089,"-191.780821917808","125","73","280","y",118
0.07,"-370.967741935484","111","71","773","n",96
0.076,"-409.090909090911","100","60","449","n",90
0.151,"-410.25641025641","147","78","283","y",142
0.123,"-153.846153846154","135","78","488","n",129
0.072,"-259.259259259259","128","77","359","y",125
0.099,"-369.04761904762","124","76","288","n",110
0.073,"-147.540983606558","128","73","392","y",125
0.052,"-574.468085106384","121","73","331","n",108
0.073,"-769.230769230769","119","66","380","n",97
0.173,"-174.193548387097","135","80","605","n",124
0.133,"127.906976744186","150","79","304","y",144
0.221,"-183.206106870229","144","74","350","n",138
0.145,"-30.7692307692308","116","77","546","n",113
0.083,"18.5185185185184","113","73","573","y",113
0.098,"-454.545454545454","126","73","278","n",101
0.112,"-111.111111111111","113","69","556","y",111
0.129,"-513.761467889908","134","72","498","n",98
0.112,"-360","127","71","273","n",109
0.11,"-194.805194805195","120","69","503","y",113
0.142,"-362.204724409449","130","72","347","n",104
0.077,"-594.202898550725","152","80","220","n",130
0.091,"-205.128205128205","131","78","651","y",129
0.095,"-511.627906976744","139","77","465","n",116
0.123,"-324.324324324324","150","80","853","n",127
0.119,"-195.121951219512","133","79","309","y",127
0.11,"-50.5050505050505","122","76","416","n",120
0.11,"-434.343434343434","135","75","255","n",111
0.118,"-179.245283018868","123","73","734","y",113
0.14,"-357.142857142857","132","74","493","n",107
0.182,"-292.682926829268","152","78","259","n",125
0.124,"-378.378378378378","137","78","702","y",115
0.054,"-139.53488372093","105","72","832","n",103
0.068,"-557.377049180328","130","75","257","n",113
0.084,"-43.4782608695652","132","75","625","y",131
0.191,"-322.981366459627","136","77","603","n",109
0.102,"-467.391304347826","122","74","724","n",100
0.215,"-126.436781609195","127","79","415","y",120
0.237,"-164.319248826291","119","78","372","n",105
0.279,"-127.490039840637","125","77","370","n",106
0.25,"-81.6326530612246","110","73","298","y",108
0.264,"69.7674418604651","142","84","420","y",137
0.22,"93.7499999999999","130","78","479","n",126
0.21,"-101.604278074866","125","79","434","n",114
0.173,"-122.448979591837","103","72","556","y",99
0.118,"-339.622641509434","113","68","273","n",94
0.079,"-338.028169014084","119","73","386","n",104
0.119,"-110","131","76","346","y",123
0.11,"-191.919191919192","110","73","525","n",100
0.055,"-354.166666666667","118","72","310","n",110
0.09,"-153.846153846154","124","78","310","y",122
0.058,"173.076923076923","121","76","518","n",115
0.256,"-161.290322580645","128","76","348","n",115
0.117,"-180.952380952381","103","70","752","n",93
0.051,"-478.260869565217","119","72","293","n",111
0.064,"266.666666666666","119","72","288","y",118
0.078,"-131.147540983606","117","73","367","n",113
0.092,"-342.465753424657","129","75","490","n",113
0.091,"195.121951219512","149","79","339","y",146
0.086,"-315.068493150685","127","75","433","n",114
0.04,"-1136.36363636364","117","69","325","n",109
0.096,"-279.069767441861","116","71","595","n",102
0.121,"-312.5","126","77","351","n",119
0.071,"-428.571428571429","125","76","284","n",109
0.056,"-634.146341463415","143","49","321","y",125
0.073,"-511.111111111112","109","42","519","n",96
0.151,"-166.666666666667","87","40","639","n",79
0.074,"-327.272727272727","124","47","257","y",118
0.06,"92.5925925925925","116","41","813","n",114
0.119,"-215.686274509804","114","48","689","y",110
0.095,"-189.873417721519","96","38","928","n",87
0.099,"-550","158","48","459","y",147
0.055,"-551.020408163265","121","41","602","n",105
0.103,"126.984126984127","92","38","872","n",88
0.12,"-222.222222222222","131","46","703","n",114
0.12,"-333.333333333334","113","41","888","n",110
0.037,"-166.666666666667","116","48","456","y",115
0.11,"-157.303370786517","146","52","400","y",141
0.103,"-288.888888888889","136","49","314","n",129
0.079,"1000","119","45","372","y",112
0.109,"-275.510204081632","140","50","303","n",128
0.239,"-97.2222222222222","136","50","385","y",121
0.112,"-157.303370786517","139","52","359","n",129
0.091,"250","127","49","649","n",125
0.09,"-317.073170731707","126","45","472","y",109
0.173,"-74.468085106383","101","43","551","n",98
0.06,"-333.333333333333","88","39","521","y",85
0.079,"-387.755102040816","120","43","535","n",111
0.094,"-190.47619047619","134","48","424","y",124
0.074,"-367.34693877551","120","46","398","n",113
0.063,"-340.909090909091","113","43","377","n",107
0.154,"-301.587301587302","141","50","434","n",117
0.048,"-520","118","44","417","n",110
0.066,"355.932203389831","167","48","332","y",158
0.147,"-168.067226890756","134","49","456","n",127
0.121,"-212.121212121212","159","52","379","y",155
0.109,"-566.666666666666","135","44","442","n",125
0.241,"36.3636363636364","144","45","480","y",141
0.12,"-62.4999999999999","121","44","551","n",119
0.088,"615.38461538462","113","42","803","n",109
0.053,"-1378.37837837838","217","44","323","n",183
0.107,"-164.705882352941","132","44","564","n",123
0.098,"-117.647058823529","134","48","481","y",129
0.11,"-358.024691358024","106","40","744","n",92
0.113,"272.727272727272","130","37","394","n",127
0.241,"-101.694915254237","141","47","482","y",137
0.16,"-67.1641791044776","131","45","573","n",127
0.142,"-387.096774193548","135","48","379","n",127
0.12,"749.999999999999","163","45","357","y",149
0.198,"-146.853146853147","130","51","513","y",116
0.192,"213.333333333333","112","40","628","n",107
0.153,"250","137","50","600","y",136
0.12,"-797.752808988764","146","48","490","n",145
0.075,"-444.444444444444","146","41","606","n",132
0.088,"-258.620689655172","140","48","370","y",132
0.066,"-235.294117647059","120","46","329","n",115
0.174,"-154.639175257732","132","50","588","y",127
0.123,"-266.666666666667","119","44","420","n",112
0.264,"-88.0503144654088","129","50","718","y",122
0.052,"-743.589743589745","129","43","390","n",114
0.058,"280","110","40","340","n",108
0.061,"-181.818181818181","91","36","840","n",86
0.18,"-198.757763975155","151","50","499","y",132
0.039,"-228.571428571429","124","49","597","n",122
0.087,"-407.407407407409","119","47","585","y",115
0.132,"-156.521739130435","121","46","711","n",111
0.113,"-384.615384615385","129","47","846","y",118
0.158,"-192","132","45","663","n",121
0.126,"-58.8235294117647","123","40","388","n",121
0.221,"-203.821656050955","145","50","665","n",123
0.135,"-231.884057971015","135","51","521","y",127
0.159,"-153.846153846154","131","49","631","y",115
0.184,"280","137","44","599","y",123
0.232,"-131.147540983607","148","48","383","y",138
0.116,"-263.888888888889","126","41","503","n",116
0.129,"-88.495575221239","108","43","566","n",103
0.212,"400","91","34","858","n",88
0.068,"-311.475409836066","131","46","508","n",122
0.075,"333.333333333333","146","46","526","y",144
0.099,"-146.067415730337","131","48","345","n",125
0.116,"-146.341463414634","116","44","501","n",110
0.123,"-150","142","51","386","y",134
0.053,"-333.333333333335","124","48","456","n",116
0.109,"-234.69387755102","130","41","472","n",113
0.235,"-62.5","133","47","482","n",129
0.199,"-128.205128205128","145","47","576","y",142
0.173,"-64.1025641025641","132","47","416","n",127
0.198,"-13.6054421768707","127","47","443","n",126
0.107,"-168.421052631579","145","47","594","y",134
0.081,"-231.884057971015","129","47","433","n",122
0.147,"-268.907563025211","140","48","455","n",123
0.141,"-187.5","146","51","383","y",133
0.121,"-40.5405405405405","113","44","613","n",111
0.042,"-90.909090909091","111","45","469","y",110
0.105,"-152.777777777778","117","48","458","n",112
0.078,"444.444444444444","107","39","621","n",103
0.201,"-232.954545454545","147","53","594","n",128
0.06,"-382.978723404255","133","51","591","y",123
0.045,"-222.222222222222","111","47","455","n",108
0.12,"-290","143","48","600","n",122
0.067,"-322.033898305085","116","48","424","n",109
0.079,"-333.333333333333","119","49","349","y",112
0.076,"-446.428571428571","108","40","762","n",94
0.075,"-59.7014925373134","114","47","529","n",113
0.076,"-117.647058823529","119","47","507","y",114
0.152,"-166.666666666667","119","48","562","y",113
0.067,"-327.868852459017","116","45","368","n",105
0.09,"-211.538461538462","120","44","561","n",112
0.105,"0","101","43","642","n",101
0.072,"400","119","40","967","y",113
0.226,"-266.666666666667","159","50","280","n",129
0.128,"-86.9565217391304","122","50","273","n",118
0.155,"-252.33644859813","136","52","655","y",120
0.118,"-292.452830188679","138","46","323","y",117
0.068,"-166.666666666667","113","39","611","n",111
0.22,"-4454.54545454547","217","54","480","y",177
0.143,"-168","149","45","528","n",139
0.073,"-69.7674418604652","128","52","379","n",126
0.121,"-307.692307692307","131","46","365","n",126
0.169,"-115.646258503401","112","45","524","n",104
0.296,"-139.53488372093","91","36","830","n",84
0.138,"-339.285714285714","120","75","634","y",104
0.057,"-615.384615384616","118","70","322","n",99
0.128,"-166.666666666667","83","55","700","n",80
0.101,"-43.956043956044","108","77","393","n",107
0.122,"255.102040816327","138","75","472","n",121
0.152,"72.1649484536079","109","78","670","y",105
0.118,"174.418604651162","131","74","347","n",122
0.235,"-56.8720379146919","106","76","429","n",99
0.151,"-218.181818181819","111","75","380","y",106
0.101,"-181.81818181818","94","69","516","n",88
0.133,"-315.789473684208","82","58","1174","n",79
0.228,"-96.969696969697","107","72","484","n",95
0.151,"-120.300751879699","116","75","406","y",106
0.201,"-100","104","69","361","n",99
0.298,"333.333333333333","99","64","842","n",86
0.174,"53.4351145038168","111","76","396","n",107
0.123,"135.135135135135","129","75","457","y",121
0.164,"-183.673469387755","117","74","635","n",98
0.108,"-123.711340206186","115","73","265","y",108
0.154,"-151.079136690647","113","74","480","n",99
0.088,"-63.2911392405062","109","75","360","y",106
0.155,"-78.5714285714286","100","69","312","n",96
0.058,"-250","95","64","637","n",89
0.178,"-68.3229813664596","109","77","435","n",101
0.126,"-79.646017699115","121","79","431","y",113
0.096,"-127.906976744186","102","76","475","n",98
0.076,"-196.72131147541","97","71","712","n",93
0.091,"-222.222222222223","83","61","737","n",80
0.147,"-470.588235294118","115","76","608","n",103
0.09,"-235.294117647059","124","77","305","y",118
0.138,"-99.9999999999999","104","77","498","n",99
0.12,"-64.8148148148149","114","77","408","y",110
0.149,"-142.857142857143","106","71","347","n",96
0.071,"-125","86","64","1095","n",83
0.197,"-92.7835051546391","109","77","567","y",102
0.084,"-386.666666666667","113","70","287","n",95
0.099,"0","78","57","565","n",78
0.187,"-136.904761904762","115","78","501","n",99
0.129,"-99.9999999999999","102","76","512","y",101
0.081,"-273.972602739726","105","70","586","n",94
0.134,"-59.7014925373135","106","76","424","n",105
0.116,"319.587628865979","144","74","470","y",126
0.197,"-268.571428571429","126","64","688","n",98
0.142,"99.9999999999999","95","69","675","y",93
0.087,"-389.61038961039","110","65","454","n",92
0.192,"-174.418604651163","122","77","462","n",101
0.106,"-35.0877192982456","99","74","346","y",99
0.086,"-210.526315789474","102","70","474","n",93
0.154,"-62.5","108","76","362","n",107
0.213,"50.561797752809","117","74","630","y",114
0.171,"-76.9230769230769","106","75","538","n",100
0.157,"-92.1985815602837","103","74","573","n",94
0.111,"32.608695652174","101","72","514","y",99
0.122,"-154.545454545454","104","69","496","n",95
0.151,"-10.2040816326531","99","74","251","n",99
0.09,"-98.7654320987655","105","73","245","y",101
0.088,"-207.792207792208","110","72","535","n",99
0.044,"-641.02564102564","121","71","282","y",105
0.13,"-196.581196581197","115","73","397","n",99
0.111,"-135.416666666667","116","74","400","y",110
0.174,"-95.5882352941177","105","68","404","n",100
0.093,"-181.818181818182","93","66","800","n",89
0.099,"-166.666666666667","103","73","409","n",95
0.085,"-166.666666666667","106","69","389","y",99
0.066,"-250","90","64","794","n",83
0.063,"-283.018867924528","97","64","732","n",89
0.162,"225.490196078431","140","76","378","y",130
0.083,"-300","130","72","326","n",120
0.157,"-303.571428571429","132","78","400","y",124
0.131,"-161.016949152542","102","71","338","n",93
0.078,"-133.333333333333","80","59","805","n",79
0.157,"142.857142857143","108","76","389","y",104
0.08,"-112.676056338028","115","74","328","n",110
0.236,"-56.6037735849057","111","75","493","n",104
0.16,"312.5","176","76","677","y",148
0.082,"-480","106","71","640","n",90
0.156,"-128.571428571429","121","78","384","n",110
0.168,"119.047619047619","122","78","517","y",119
0.112,"322.580645161291","149","79","631","n",146
0.162,"-104.895104895105","112","75","566","n",104
0.106,"-230.769230769231","129","77","420","y",125
0.109,"-185.185185185185","109","73","512","n",103
0.078,"-157.142857142857","99","70","979","n",92
0.156,"-107.142857142857","105","73","320","n",97
0.161,"-111.111111111111","102","72","512","y",97
0.046,"-378.378378378378","96","66","380","n",86
0.115,"192.982456140351","136","83","463","y",131
0.089,"-222.222222222222","131","80","455","n",125
0.296,"97.7443609022556","142","80","528","y",128
0.085,"-392.156862745098","139","79","286","n",123
0.18,"126.582278481013","130","76","300","y",125
0.109,"-303.030303030303","118","72","389","n",100
0.094,"-157.142857142857","96","66","523","n",89
0.133,"157.142857142857","126","78","290","y",119
0.292,"-157.635467980296","109","71","461","n",92
0.12,"-261.904761904762","138","78","276","y",130
0.092,"-333.333333333333","116","74","401","n",104
0.054,"-272.727272727272","103","68","299","n",95
0.193,"-92.485549132948","107","76","521","n",102
0.109,"285.714285714286","130","79","297","y",123
0.088,"-210.526315789474","124","79","298","n",114
0.09,"-291.139240506329","104","74","380","n",94
0.059,"-265.306122448979","96","68","307","n",89
0.108,"277.10843373494","140","76","398","y",125
0.099,"-247.191011235955","138","69","413","n",129
0.156,"156.521739130435","132","79","407","y",123
0.122,"-100","132","73","286","n",128
0.137,"-1071.42857142857","118","75","389","y",104
0.072,"-230.769230769231","96","64","727","n",88
0.119,"-37.9746835443038","110","78","472","n",109
0.088,"164.556962025316","129","73","471","n",121
0.102,"289.473684210526","138","77","415","n",125
0.231,"-87.1794871794871","111","77","623","n",100
0.225,"-99.9999999999999","109","74","315","y",105
0.161,"61.4035087719299","119","73","314","n",116
0.248,"78.4313725490198","126","70","724","n",120
0.152,"161.290322580645","135","76","313","n",127
0.16,"52.6315789473681","112","72","323","y",110
0.153,"137.68115942029","139","70","620","n",130
0.148,"-69.7674418604649","101","74","353","y",97
0.059,"-292.682926829278","90","65","594","n",84
0.15,"-66.1764705882353","107","75","409","y",101
0.066,"-156.862745098039","90","64","716","n",85
0.137,"88.495575221239","111","74","489","y",107
0.048,"500","104","71","742","n",98
0.121,"68.6274509803921","115","77","628","y",111
0.084,"-183.333333333334","97","72","682","n",89
0.151,"82.6446280991736","134","81","661","n",128
0.097,"-235.294117647059","146","80","727","y",143
0.1,"82.3529411764705","163","78","586","n",160
0.049,"305.555555555555","199","77","742","n",192
0.111,"70.5882352941177","119","78","708","y",115
0.087,"-120","94","72","785","n",91
0.055,"-100.000000000001","90","57","1173","n",89
0.1,"-307.692307692308","116","72","475","n",106
0.101,"-162.790697674419","108","73","287","y",104
0.057,"-142.857142857143","91","67","471","n",89
0.041,"-533.333333333333","103","65","856","n",92
0.121,"-100.917431192661","125","80","650","n",119
0.128,"89.2857142857144","128","79","675","y",126
0.079,"-83.3333333333334","125","76","536","n",122
0.098,"-119.047619047619","123","75","710","n",121
0.093,"-307.692307692307","134","78","619","y",131
0.274,"-134.751773049645","123","72","621","n",115
0.096,"105.263157894737","124","73","348","y",120
0.071,"-866.666666666672","112","70","370","n",102
0.139,"-114.285714285714","119","77","452","n",108
0.099,"-314.606741573034","129","74","503","y",107
0.085,"-136.363636363636","97","68","673","n",93
0.04,"-599.999999999995","99","73","753","n",96
0.11,"-181.818181818182","122","79","629","n",109
0.103,"78.9473684210526","118","77","534","y",118
0.07,"-126.984126984127","119","75","453","n",116
0.072,"-433.333333333333","118","76","683","n",107
0.174,"33.3333333333333","138","83","430","y",137
0.111,"-178.571428571429","140","80","485","n",137
0.174,"-57.6923076923077","129","81","580","n",127
0.088,"241.935483870968","149","81","323","y",142
0.084,"-270.27027027027","137","80","405","n",128
0.125,"-155.963302752294","132","82","662","n",121
0.111,"126.760563380281","135","82","665","y",132
0.093,"-83.3333333333333","128","80","570","n",124
0.106,"-145.833333333334","113","78","675","n",107
0.076,"-279.411764705882","120","81","597","y",109
0.067,"-316.666666666666","96","69","980","n",90
0.209,"-91.8918918918919","123","80","483","y",117
0.138,"-193.548387096774","113","77","507","n",100
0.091,"-375","86","61","817","n",80
0.204,"-190.217391304348","138","81","444","y",121
0.099,"258.426966292135","136","80","743","n",128
0.082,"118.64406779661","145","81","387","n",142
0.086,"-350.64935064935","133","78","575","n",122
0.062,"-450.980392156863","121","76","697","n",111
0.265,"-100.840336134454","117","75","462","n",104
0.207,"77.4193548387097","132","77","490","y",125
0.116,"55.5555555555555","131","75","636","n",130
0.13,"330.097087378641","177","81","547","y",158
0.22,"113.40206185567","130","81","668","n",125
0.117,"-180.952380952381","109","76","579","y",100
0.278,"-183.246073298429","135","80","421","n",125
0.154,"115.702479338843","148","84","661","y",143
0.185,"-132.530120481928","134","80","620","n",121
0.14,"-174.603174603174","112","79","539","y",104
0.141,"190.082644628099","149","81","468","y",137
0.119,"438.356164383561","193","80","455","n",176
0.096,"-153.846153846154","111","77","483","y",110
0.076,"-285.714285714286","96","71","419","n",88
0.229,"-161.290322580645","123","77","397","y",118
0.077,"-442.857142857143","123","74","308","n",104
0.12,"-222.222222222222","89","59","497","n",88
0.15,"-88.8888888888889","129","78","416","y",120
0.077,"-231.884057971014","131","76","301","n",124
0.242,"-225.274725274725","125","74","579","n",107
0.085,"-173.333333333333","140","80","338","y",130
0.049,"-555.555555555556","119","69","323","n",104
0.244,"-178.743961352657","124","74","484","n",108
0.136,"-172.131147540984","115","73","303","y",105
0.051,"-466.666666666666","107","66","509","n",97
0.153,"156.25","140","82","347","y",130
0.06,"-129.62962962963","147","80","307","n",143
0.117,"-236.842105263158","116","76","418","y",109
0.067,"-350","112","69","282","n",99
0.259,"-60.3448275862069","107","72","433","n",99
0.147,"49.5867768595041","119","81","436","y",116
0.094,"-261.904761904762","117","76","383","n",107
0.085,"-578.947368421052","121","74","491","n",100
0.128,"95.6521739130435","131","83","433","y",124
0.093,"-130.952380952381","130","80","410","n",125
0.097,"-195.402298850575","129","78","317","n",118
0.065,"-271.186440677966","106","73","375","n",99
0.131,"145.299145299145","134","81","449","y",124
0.101,"-80.4597701149426","135","78","388","n",131
0.098,"-300","142","78","302","n",135
0.068,"387.096774193548","175","77","358","n",158
0.115,"103.092783505155","132","81","437","y",126
0.083,"-216.216216216216","120","77","396","n",114
0.089,"-275","124","79","301","n",109
0.07,"-158.730158730159","98","74","287","n",95
0.105,"50.8474576271186","102","75","405","y",100
0.069,"-214.285714285714","101","70","324","n",95
0.076,"-382.35294117647","114","71","276","n",96
0.053,"-186.046511627907","83","61","799","n",80
0.238,"-172.093023255814","133","76","394","n",113
0.151,"-46.1538461538462","117","79","417","y",113
0.093,"-282.051282051282","103","71","425","n",92
0.155,"-153.846153846154","123","78","338","y",118
0.086,"-129.87012987013","147","81","599","n",140
0.114,"-343.75","140","78","621","y",133
0.251,"-203.703703703704","147","80","419","n",129
0.166,"-259.259259259258","142","81","430","y",136
0.095,"-282.352941176471","125","76","349","n",113
0.203,"-232.876712328767","129","75","340","y",116
0.164,"-194.915254237288","142","78","379","n",132
0.126,"-166.666666666667","140","77","546","y",128
0.059,"172.413793103449","126","73","273","n",123
0.168,"-269.84126984127","119","71","524","y",107
0.171,"-632.653061224491","118","72","362","n",106
0.098,"-215.909090909091","118","74","429","y",106
0.058,"-108.695652173913","95","68","236","n",92
0.146,"-307.692307692308","143","81","619","y",135
0.1,"-475.000000000001","159","76","321","n",152
0.238,"35.7142857142857","107","68","541","y",104
0.113,"-147.058823529412","120","74","344","y",109
0.1,"135.593220338983","114","71","289","n",111
0.156,"-202.898550724637","119","72","263","y",108
0.079,"-225","99","68","563","n",94
0.085,"0","90","50","689","n",90
0.13,"-317.073170731707","114","74","367","n",105
0.067,"-573.770491803279","124","70","358","y",100
0.128,"141.176470588235","124","72","265","y",118
0.091,"-545.454545454545","143","73","462","n",120
0.183,"-67.0731707317073","113","74","293","y",106
0.175,"373.239436619718","166","73","453","n",133
0.195,"-100","111","70","263","y",107
0.081,"-400","135","74","333","n",127
0.146,"66.6666666666666","114","75","309","y",112
0.07,"-280.701754385965","109","69","314","n",99
0.195,"190.184049079755","156","77","324","y",139
0.139,"-127.272727272727","164","77","429","n",160
0.22,"148.571428571429","154","78","392","y",141
0.096,"-250","166","73","319","n",164
0.166,"-253.333333333333","146","78","699","n",125
0.15,"157.894736842105","149","80","373","y",141
0.131,"-398.058252427185","171","76","655","n",145
0.161,"-159.090909090909","124","74","638","n",117
0.137,"142.857142857143","132","75","700","y",126
0.093,"-445.783132530121","141","78","380","n",122
0.132,"-161.016949152542","124","74","468","y",113
0.078,"-227.272727272728","103","72","285","n",98
0.159,"-133.333333333333","106","63","804","n",101
0.191,"-140.939597315436","105","64","858","y",95
0.244,"-71.4285714285714","114","67","412","n",111
0.098,"54.5454545454546","117","68","552","n",115
0.104,"-180.851063829787","107","75","311","n",101
0.09,"-111.111111111111","107","75","403","y",106
0.075,"-500","121","70","551","n",100
0.181,"-261.194029850746","119","73","616","n",112
0.15,"198.198198198198","132","74","546","y",123
0.062,"267.857142857143","171","74","390","n",160
0.095,"200","106","71","466","n",103
0.142,"442.105263157895","137","75","613","y",121
0.076,"-349.206349206349","118","69","302","n",106
0.198,"-286.713286713287","125","71","736","n",105
0.117,"116.279069767442","111","74","504","y",105
0.059,"-431.372549019607","108","70","390","n",98
0.063,"-107.142857142857","120","75","330","y",117
0.093,"-142.857142857143","114","72","364","n",109
0.113,"-79.9999999999999","116","76","485","y",114
0.041,"-793.103448275861","124","73","508","n",116
0.192,"-150","112","69","748","n",104
0.111,"-89.2857142857142","111","76","561","y",109
0.061,"-527.272727272728","112","69","450","n",94
0.107,"-150.684931506849","138","77","307","y",128
0.064,"269.230769230769","151","76","631","n",142
0.088,"-190.47619047619","113","75","542","y",111
0.054,"-999.999999999999","125","71","626","n",102
0.139,"440.677966101695","112","69","553","n",104
0.108,"210.526315789475","110","73","672","y",108
0.062,"-404.761904761907","109","68","414","n",99
0.267,"-149.732620320856","114","71","730","n",102
0.17,"-72.4637681159421","99","72","633","y",97
0.062,"-341.463414634147","96","69","421","n",91
0.141,"-220.472440944882","115","69","818","n",103
0.096,"131.578947368421","109","72","637","y",106
0.053,"-388.888888888891","97","66","419","n",93
0.168,"-215.384615384615","113","74","688","n",98
0.098,"-120.481927710843","122","78","434","y",116
0.111,"-256.756756756757","113","72","547","n",107
0.201,"-241.573033707865","130","72","549","n",108
0.133,"67.3076923076922","111","74","601","y",107
0.069,"-490.196078431371","115","76","394","n",106
0.078,"81.6326530612242","100","65","334","n",99
0.299,"-91.3461538461538","111","69","687","n",105
0.117,"136.363636363636","115","76","609","y",110
0.121,"-456.310679611651","132","77","409","n",109
0.098,"-421.052631578948","119","71","330","n",112
0.153,"104.838709677419","135","81","386","y",130
0.071,"-296.875","121","75","345","n",112
0.073,"-520.000000000001","115","72","618","n",100
0.067,"-377.049180327869","123","75","385","n",107
0.052,"-235.294117647059","91","62","395","n",88
0.097,"-64.516129032258","141","81","392","n",140
0.066,"-350.877192982457","138","80","580","n",130
0.08,"-222.222222222223","147","81","395","n",135
0.116,"116.279069767442","138","78","379","n",135
0.069,"-225.806451612904","142","82","416","n",132
0.05,"-399.999999999991","126","78","295","y",124
0.059,"-850.000000000009","123","74","1034","n",108
0.074,"-417.910447761194","130","83","396","n",115
0.044,"-586.206896551724","114","74","313","y",109
0.031,"-160","109","73","474","n",107
0.063,"-639.999999999999","96","64","752","n",89
0.061,"-290.909090909091","119","77","402","n",110
0.046,"-444.444444444444","112","73","333","y",110
0.112,"115.789473684211","120","77","370","y",114
0.055,"-224.489795918367","114","73","323","n",108
0.057,"-319.148936170213","118","76","456","n",111
0.069,"-180.327868852459","117","75","481","n",109
0.078,"22.7272727272727","109","67","220","n",108
0.11,"341.176470588235","164","81","372","y",153
0.067,"-163.934426229508","140","78","383","n",134
0.071,"-187.5","138","78","665","n",130
0.06,"-74.074074074074","131","74","378","n",129
0.074,"-60.6060606060606","130","81","355","n",128
0.132,"-895.833333333333","169","83","366","y",142
0.105,"-170.212765957447","131","79","330","n",121
0.067,"-233.333333333334","121","78","344","n",113
0.086,"-93.7500000000001","113","71","351","y",111
0.129,"-86.9565217391306","126","72","679","n",120
0.101,"-95.2380952380953","125","81","332","n",121
0.127,"200","152","86","400","y",149
0.086,"-192.307692307692","144","84","426","n",136
0.061,"-127.272727272727","128","83","392","n",125
0.114,"138.297872340426","159","87","386","y",155
0.088,"-80.0000000000001","147","84","388","n",146
0.073,"-281.25","150","85","489","n",143
0.067,"-216.666666666666","154","85","670","n",145
0.128,"72.9166666666666","152","79","409","n",148
0.241,"155.339805825243","145","82","360","y",141
0.075,"-176.470588235294","119","75","339","n",112
0.08,"-180.555555555556","113","74","703","n",105
0.087,"-70.4225352112677","96","65","725","n",93
0.115,"-98.0392156862745","138","84","364","n",136
0.096,"169.811320754717","156","86","370","y",153
0.03,"-407.407407407407","132","81","365","n",127
0.048,"-599.999999999999","116","79","335","n",108
0.111,"-50","106","77","377","y",103
0.088,"111.111111111111","128","82","369","n",126
0.049,"-272.727272727272","111","77","375","n",105
0.041,"-428.57142857143","97","72","383","n",93
0.13,"-450","88","59","418","n",85
0.122,"100","148","84","392","y",147
0.072,"-363.636363636364","137","83","368","n",128
0.064,"-666.666666666666","139","81","353","n",122
0.1,"-235.955056179775","128","79","703","n",115
0.046,"-292.682926829267","103","74","360","n",97
0.108,"-175.257731958763","132","82","338","n",125
0.086,"-461.538461538462","147","82","362","y",140
0.076,"-558.823529411764","134","76","345","n",113
0.07,"-238.095238095238","116","75","523","n",107
0.061,"-92.5925925925927","97","64","208","n",94
0.16,"-53.0973451327434","119","79","384","n",117
0.116,"194.174757281553","142","80","382","y",134
0.116,"-145.161290322581","132","73","335","n",125
0.197,"-129.943502824859","148","85","380","n",139
0.145,"179.245283018868","160","84","413","y",155
0.133,"-67.2268907563025","129","81","449","n",126
0.114,"-156.862745098039","121","77","450","n",112
0.076,"-491.228070175439","124","70","504","n",115
0.122,"-91.743119266055","113","78","430","n",108
0.062,"-254.545454545454","100","73","525","y",94
0.062,"-500","110","66","439","n",101
0.206,"-155.913978494624","140","80","560","n",123
0.116,"72.9166666666667","123","80","399","y",119
0.053,"-680.851063829788","127","76","346","n",113
0.088,"-316.455696202532","118","73","319","n",104
0.142,"-96","116","74","589","n",109
0.017,"0","98","56","512","n",98
0.119,"-28.0373831775701","114","72","311","n",112
0.091,"30.7692307692308","118","72","332","y",118
0.05,"-260.869565217391","112","71","293","n",106
0.067,"-99.9999999999999","97","66","592","n",93
0.114,"-106.796116504854","119","77","364","y",113
0.109,"214.285714285714","124","74","407","n",114
0.106,"-126.315789473684","116","78","411","n",109
0.203,"-53.5714285714286","104","75","383","n",102
0.103,"-53.7634408602151","97","71","297","n",96
0.069,"-183.333333333333","97","67","277","n",92
0.14,"-142.857142857143","115","77","408","n",103
0.099,"-22.4719101123596","92","65","469","n",91
0.108,"-20.6185567010309","132","79","371","n",131
0.222,"-90","116","75","353","y",106
0.088,"35.7142857142857","95","63","537","n",94
0.185,"121.794871794872","144","82","396","n",139
0.134,"-100","126","80","395","y",120
0.102,"-87.9120879120879","113","78","473","n",109
0.115,"-105.769230769231","102","70","285","n",97
0.111,"-18.1818181818182","113","77","367","n",112
0.089,"-87.5","106","75","368","y",102
0.109,"-81.6326530612245","98","72","299","n",94
0.046,"-95.2380952380952","84","61","1420","n",83
0.12,"211.111111111111","153","83","367","n",146
0.099,"-123.595505617977","129","82","394","y",124
0.13,"-85.4700854700855","116","80","604","n",110
0.071,"-166.666666666667","105","75","356","n",103
0.174,"211.382113821138","143","80","345","n",133
0.074,"-343.283582089552","124","78","348","y",114
0.251,"-66.3716814159292","116","76","627","n",107
0.125,"-79.646017699115","101","71","350","n",95
0.168,"155.555555555556","132","78","390","n",126
0.062,"-375","114","73","353","y",106
0.124,"-151.785714285714","116","74","595","n",106
0.129,"-60.344827586207","96","66","527","n",91
0.049,"0","85","55","487","n",85
0.141,"217.821782178218","165","81","335","y",157
0.076,"-420.289855072464","142","75","334","n",133
0.092,"-108.433734939759","128","76","629","n",123
0.081,"-123.287671232877","114","74","606","n",110
0.083,"-94.5945945945947","108","68","492","n",104
0.187,"-61.8556701030928","113","75","377","y",111
0.043,"-472.222222222223","116","77","390","n",111
0.116,"-144.230769230769","113","74","360","n",105
0.151,"-73.5294117647059","99","71","618","n",94
0.05,"-86.9565217391304","83","59","376","n",82
0.146,"151.162790697674","138","79","383","y",134
0.048,"-279.069767441861","112","73","359","n",107
0.083,"-226.666666666666","110","72","584","n",100
0.044,"-76.9230769230768","90","65","371","n",88
0.117,"130.952380952381","141","82","392","y",136
0.062,"-428.571428571429","127","78","405","n",113
0.082,"-324.324324324325","133","78","698","n",116
0.125,"-150.442477876106","102","70","286","n",95
0.151,"194.029850746269","167","84","392","n",156
0.12,"-111.111111111111","148","82","407","y",143
0.11,"-80.8080808080808","130","81","465","n",128
0.072,"-184.615384615384","120","78","659","n",115
0.089,"-101.449275362319","118","77","395","n",114
0.089,"-75.0000000000001","105","69","419","n",101
0.128,"-1287.87878787879","198","87","358","n",159
0.104,"-107.52688172043","145","83","342","y",141
0.192,"-181.818181818182","132","79","454","n",129
0.068,"-229.508196721311","130","75","358","n",121
0.083,"-186.666666666667","105","72","605","n",99
0.152,"94.017094017094","167","83","336","n",161
0.114,"-73.5294117647058","148","82","396","y",145
0.172,"-100","143","77","364","n",140
0.139,"48.0769230769231","143","84","382","n",140
0.087,"-115.384615384615","134","82","377","y",129
0.073,"-136.363636363636","122","76","354","n",118
0.038,"-699.999999999999","145","80","469","n",130
0.069,"-178.571428571428","129","76","518","n",123
0.082,"113.207547169811","144","80","392","n",141
0.091,"-85.3658536585366","131","77","373","y",126
0.068,"-129.032258064516","120","74","378","n",116
0.037,"-411.764705882353","131","75","465","n",123
0.044,"-677.419354838709","111","69","376","n",103
0.1,"-277.777777777778","118","76","389","n",111
0.081,"-109.58904109589","108","76","326","y",104
0.082,"-121.621621621622","98","73","301","n",93
0.116,"-31.9148936170213","88","70","500","n",86
0.054,"-181.818181818182","82","59","906","n",79
0.123,"224.719101123595","158","79","340","n",150
0.087,"-240.506329113924","141","77","329","y",130
0.134,"-90.9090909090909","115","76","406","n",108
0.098,"-102.272727272727","104","74","322","n",100
0.106,"-84.2105263157894","96","67","251","n",92
0.088,"285.714285714286","150","81","341","n",141
0.064,"-442.307692307692","126","75","355","y",111
0.072,"-123.076923076923","109","77","657","n",104
0.069,"-129.032258064516","101","74","648","n",97
0.057,"-86.9565217391304","93","65","229","n",91
0.124,"180.722891566265","147","83","386","n",142
0.077,"-275.36231884058","124","77","395","y",114
0.097,"-80.4597701149425","112","77","380","n",107
0.072,"-76.923076923077","104","76","465","y",101
0.058,"-134.615384615385","99","70","299","n",95
0.145,"163.934426229508","141","78","363","n",133
0.132,"-151.260504201681","130","77","330","y",123
0.114,"-196.078431372549","110","76","365","n",103
0.105,"-500","126","74","347","n",100
0.19,"57.3770491803279","148","85","370","y",146
0.225,"-215.469613259669","135","80","361","n",122
0.137,"-373.983739837399","131","77","615","n",105
0.111,"-131.313131313131","131","81","370","y",125
0.227,"-284.76821192053","150","81","367","n",133
0.179,"-182.432432432433","115","73","474","n",98
0.172,"-149.350649350649","145","80","397","y",131
0.095,"58.8235294117648","124","76","432","n",123
0.113,"139.240506329114","137","77","360","n",132
0.043,"-487.179487179487","120","75","337","y",113
0.073,"-166.666666666667","117","75","586","n",110
0.062,"-72.7272727272728","98","72","397","n",96
0.123,"-45.0450450450451","92","65","261","n",90
0.205,"-37.037037037037","110","71","282","n",108
0.116,"101.694915254237","114","70","291","y",111
0.094,"-178.571428571428","124","75","440","n",114
0.202,"-60.4395604395604","106","72","356","n",101
0.156,"-96.7741935483872","97","64","407","n",88
0.154,"100.719424460432","136","79","342","y",130
0.08,"-305.555555555556","120","76","352","n",111
0.117,"-387.755102040816","120","77","502","y",103
0.092,"536.231884057971","191","84","347","n",178
0.046,"-317.073170731707","158","81","354","y",151
0.056,"-460.000000000001","148","81","457","n",136
0.048,"-323.529411764707","126","77","377","n",122
0.066,"-215.686274509804","103","66","272","n",96
0.081,"161.764705882353","143","82","358","n",138
0.06,"-301.88679245283","123","77","370","y",116
0.076,"-176.470588235294","122","78","505","n",115
0.077,"-159.420289855073","109","75","509","n",103
0.078,"-166.666666666667","100","69","278","n",94
0.245,"-144.796380090498","136","77","551","n",112
0.083,"79.9999999999998","113","76","347","y",110
0.067,"-200","108","73","333","n",102
0.034,"-851.851851851855","119","73","527","n",107
0.069,"-365.079365079364","122","77","335","n",107
0.061,"-232.142857142858","95","72","399","n",89
0.088,"-150","115","77","532","n",108
0.084,"22.2222222222222","113","77","328","y",113
0.049,"-259.259259259259","109","71","308","n",104
0.035,"-281.25","106","68","395","n",100
0.06,"-282.608695652174","107","70","338","n",102
0.053,"-55.5555555555555","88","59","1085","n",87
0.127,"-89.5522388059702","120","78","777","n",118
0.067,"192.982456140351","132","79","332","y",128
0.053,"-395.833333333334","124","76","335","n",115
0.058,"-384.615384615386","115","74","617","n",103
0.073,"-424.242424242424","134","77","329","n",116
0.107,"-134.020618556701","101","71","386","n",94
0.117,"81.9672131147541","126","79","372","n",123
0.076,"-117.647058823529","119","74","332","y",115
0.055,"-204.081632653061","104","71","303","n",100
0.052,"-255.319148936171","108","69","350","n",102
0.124,"-153.153153153153","106","71","297","n",96
0.102,"-73.1707317073172","112","74","365","n",108
0.06,"-99.9999999999999","106","73","275","n",105
0.102,"-123.595505617978","101","65","801","n",94
0.156,"-81.4814814814815","123","79","307","n",118
0.128,"104.651162790698","128","79","307","y",125
0.177,"-127.81954887218","121","79","367","n",114
0.076,"-308.823529411764","109","73","335","n",97
0.128,"144.230769230769","135","79","366","y",128
0.063,"-210.526315789474","121","77","359","n",116
0.067,"-127.659574468085","102","73","418","n",98
0.054,"-522.727272727274","122","69","334","n",112
0.105,"-103.448275862069","145","64","514","y",143
0.051,"-250","121","53","403","n",118
0.063,"-339.285714285714","152","60","481","n",140
0.152,"-200","138","66","711","y",135
0.113,"-309.52380952381","116","57","485","n",102
0.08,"-105.263157894737","128","53","507","n",127
0.191,"-54.7945205479452","124","58","678","y",122
0.059,"-80.0000000000001","113","49","430","n",112
0.112,"146.341463414634","129","58","782","y",127
0.124,"-83.3333333333333","109","49","608","y",105
0.156,"-230.769230769231","135","58","803","n",120
0.095,"179.48717948718","168","68","445","y",164
0.05,"-565.217391304347","153","64","365","n",139
0.038,"-296.296296296296","119","52","325","n",115
0.048,"-500.000000000001","136","57","457","n",126
0.081,"-145.454545454546","114","54","586","n",110
0.125,"-134.146341463415","147","56","412","n",143
0.068,"-327.868852459017","143","58","483","y",132
0.1,"-133.333333333333","107","55","748","n",102
0.136,"-287.500000000001","99","41","850","n",86
0.167,"-88.7096774193548","127","58","728","n",123
0.121,"172.043010752688","169","67","493","y",163
0.066,"-186.440677966102","163","64","353","n",157
0.08,"-257.142857142857","162","58","339","n",151
0.048,"-375","159","62","479","n",152
0.08,"-236.111111111112","146","65","659","n",138
0.054,"769.230769230775","115","51","545","n",111
0.221,"229.166666666667","194","64","486","y",183
0.106,"99.9999999999999","168","65","345","n",165
0.085,"-157.894736842105","165","59","317","n",160
0.05,"-386.363636363636","160","61","449","n",150
0.098,"-62.4999999999999","135","63","691","n",133
0.126,"372.093023255813","129","57","491","n",124
0.132,"-159.663865546218","140","58","729","n",129
0.106,"172.839506172839","148","62","519","y",141
0.062,"-178.571428571429","123","54","671","n",119
0.043,"-83.3333333333333","114","43","663","n",114
0.136,"-333.333333333333","149","55","316","n",133
0.136,"144.444444444444","154","61","508","y",150
0.096,"-229.885057471264","135","56","546","n",127
0.063,"-173.913043478261","124","53","335","n",119
0.084,"-166.666666666667","113","50","415","n",110
0.061,"-352.941176470586","85","38","936","n",81
0.149,"-120","129","55","641","n",124
0.17,"-194.029850746269","149","60","408","y",145
0.081,"-301.369863013699","131","56","489","n",127
0.115,"-144.230769230769","144","60","776","n",136
0.14,"157.894736842105","156","63","429","y",152
0.09,"-259.259259259259","136","57","478","n",128
0.059,"-452.830188679246","145","55","330","n",129
0.141,"-98.3606557377049","133","59","736","y",130
0.058,"-307.692307692307","124","55","347","n",120
0.117,"-21.0526315789474","132","58","821","y",131
0.053,"-525","128","51","283","n",118
0.063,"-446.428571428571","142","56","357","y",127
0.066,"-271.186440677966","120","53","713","n",114
0.089,"-90.909090909091","142","60","420","y",138
0.044,"-233.333333333333","118","50","307","n",114
0.058,"-23.8095238095238","113","55","361","y",113
0.06,"-150.943396226415","111","53","730","n",107
0.077,"-72.463768115942","139","61","474","y",135
0.05,"-500","119","50","358","n",113
0.062,"-270.833333333333","123","57","353","n",119
0.07,"-285.714285714285","146","62","424","y",144
0.077,"-257.575757575758","140","60","624","n",134
0.107,"-93.75","157","65","439","y",152
0.056,"-395.833333333334","132","57","340","n",124
0.098,"-65.7894736842105","136","63","640","y",134
0.07,"170.212765957447","134","59","525","n",131
0.121,"283.783783783784","197","68","472","y",189
0.081,"-356.164383561644","149","61","378","n",136
0.03,"-642.857142857142","120","51","428","n",114
0.092,"58.8235294117647","108","54","663","y",106
0.046,"-194.444444444445","113","49","614","n",110
0.086,"-141.025641025641","124","53","412","y",118
0.029,"50.0000000000002","116","49","380","n",115
0.053,"-208.333333333333","124","53","351","y",117
0.067,"-178.571428571429","112","49","734","n",106
0.075,"-230.769230769231","141","59","433","y",140
0.042,"-533.333333333333","126","50","302","n",117
0.056,"-280","141","59","376","y",131
0.057,"-20.8333333333333","130","61","672","n",130
0.084,"148.936170212766","201","68","440","y",198
0.066,"-471.698113207547","133","55","347","n",121
0.114,"48.7804878048781","119","59","645","y",118
0.052,"-170.212765957447","122","57","616","n",119
0.09,"-146.341463414634","151","63","444","y",148
0.039,"-571.428571428571","124","56","350","n",116
0.13,"0","106","43","680","n",106
0.082,"409.090909090909","124","57","685","y",118
0.056,"-277.777777777778","119","52","560","n",118
0.084,"-223.684210526316","127","56","458","y",116
0.109,"-247.422680412371","135","54","337","n",126
0.087,"-555.555555555555","148","65","677","y",145
0.056,"-90.9090909090911","140","63","693","n",139
0.095,"-238.805970149254","145","60","382","n",134
0.066,"217.391304347826","162","67","386","y",158
0.088,"-523.809523809522","152","60","599","n",135
0.135,"-202.380952380952","127","55","382","n",120
0.103,"163.636363636364","147","64","690","y",142
0.084,"-119.047619047619","153","60","733","n",150
0.086,"-307.692307692308","129","55","339","n",120
0.067,"-388.888888888889","134","58","345","y",132
0.051,"-577.777777777779","147","59","529","n",134
0.035,"-346.153846153846","141","61","607","n",136
0.086,"-294.871794871795","140","57","397","n",132
0.094,"76.923076923077","161","67","673","y",159
0.073,"-69.7674418604651","162","64","671","n",161
0.091,"-280.487804878049","153","58","394","n",138
0.064,"-147.058823529412","146","60","379","y",145
0.043,"-810.810810810813","156","60","509","n",139
0.024,"-222.222222222222","138","59","536","n",137
0.095,"-111.111111111111","119","49","698","n",114
0.064,"-258.620689655172","136","56","688","y",128
0.112,"-450","88","35","830","n",84
0.054,"-125","125","57","353","n",124
0.045,"-419.354838709679","127","52","490","y",121
0.134,"-120.689655172414","132","56","442","n",125
0.099,"200","163","67","709","y",157
0.095,"132.352941176471","173","63","658","n",170
0.075,"-308.823529411765","150","58","362","n",137
0.044,"-375","144","62","358","y",143
0.039,"-368.421052631581","129","49","702","n",125
0.076,"-318.840579710145","135","54","363","n",127
0.089,"-269.230769230769","163","64","482","y",161
0.084,"-413.333333333334","151","59","655","n",137
0.118,"280.487804878049","199","67","451","y",188
0.063,"-464.285714285714","151","57","347","n",136
0.147,"-135.338345864662","147","58","379","y",134
0.229,"-68.2926829268293","127","57","636","n",122
0.097,"-91.9540229885058","140","57","333","y",135
0.138,"149.122807017544","160","69","808","y",153
0.048,"-350","127","62","812","n",120
0.161,"-97.2222222222222","143","60","378","y",132
0.096,"-75.9493670886076","128","58","682","n",125
0.13,"63.157894736842","133","60","767","y",130
0.055,"-404.761904761904","121","57","849","n",114
0.11,"-60.6060606060606","154","63","356","y",149
0.089,"-112.5","147","65","634","n",143
0.121,"-79.2079207920792","131","60","683","n",127
0.104,"135.135135135135","147","68","738","y",144
0.085,"-406.25","134","58","475","n",121
0.108,"-278.350515463918","153","58","365","y",136
0.07,"-112.903225806452","134","60","535","n",131
0.108,"-30.9278350515464","121","58","646","n",119
0.108,"47.6190476190477","138","66","751","y",137
0.091,"-999.999999999999","115","46","944","n",106
0.196,"56.3380281690141","141","58","357","y",139
0.159,"-148.148148148148","134","55","881","n",130
0.11,"-40.8163265306123","124","55","633","n",123
0.124,"-59.7014925373135","119","56","799","y",117
0.11,"-1100","133","47","802","n",116
0.136,"-200","147","59","370","y",136
0.23,"-67.9611650485437","128","57","754","n",122
0.144,"-147.286821705426","162","67","467","y",148
0.066,"-518.518518518518","148","63","515","n",134
0.138,"-401.639344262295","165","54","381","n",141
0.07,"540.540540540542","174","59","327","y",159
0.116,"-866.666666666659","138","50","595","n",127
0.087,"-75.9493670886076","141","60","357","y",138
0.112,"-63.8297872340426","130","59","635","n",128
0.141,"-102.272727272727","143","64","515","y",137
0.074,"275.000000000001","170","62","521","n",165
0.183,"-292.207792207792","177","64","464","n",148
0.1,"400.000000000001","203","69","531","y",178
0.063,"-799.999999999999","133","56","427","n",121
0.111,"-393.617021276596","147","58","438","y",124
0.07,"-118.64406779661","120","60","732","n",115
0.119,"107.52688172043","147","65","804","y",143
0.036,"0","113","56","441","n",113
0.204,"53.4351145038168","144","59","415","y",141
0.14,"-79.5454545454545","127","60","753","n",122
0.145,"-63.1578947368421","124","59","753","y",120
0.078,"-137.931034482759","126","56","468","y",123
0.068,"-192.982456140351","124","55","642","n",118
0.108,"134.020618556701","150","62","745","y",143
0.17,"448.275862068966","162","55","447","n",130
0.106,"-252.631578947368","157","63","477","y",144
0.071,"-176.470588235294","142","65","726","n",136
0.093,"212.121212121212","175","74","789","y",168
0.058,"-533.333333333333","133","57","460","n",124
0.076,"-88.8888888888889","119","58","455","y",117
0.102,"-193.548387096774","123","54","588","n",112
0.095,"-121.621621621622","112","49","505","n",107
0.185,"-213.333333333333","151","63","559","n",135
0.182,"198.347107438017","179","67","611","y",166
0.122,"307.692307692307","195","63","676","n",183
0.23,"-188.811188811189","150","56","494","n",130
0.104,"144.736842105263","157","67","597","y",151
0.062,"-282.608695652174","167","61","368","n",159
0.124,"-234.234234234234","197","71","624","y",186
0.183,"-159.090909090909","152","65","564","n",150
0.207,"213.333333333333","189","69","613","y",169
0.25,"-168.888888888889","160","57","508","n",130
0.114,"149.425287356322","154","63","419","y",148
0.064,"-363.636363636364","145","56","299","n",135
0.134,"-166.666666666667","143","61","599","y",130
0.085,"-76.9230769230762","115","46","852","n",115
0.097,"-203.125","120","56","679","n",116
0.082,"-189.189189189189","161","68","454","y",156
0.065,"-322.033898305084","145","62","431","n",136
0.111,"-210","136","61","519","n",125
0.159,"-116.279069767442","142","61","635","n",137
0.168,"180.555555555556","158","67","723","n",145
0.091,"-121.951219512195","147","64","418","y",143
0.104,"-161.290322580645","143","60","444","n",137
0.246,"-88.8888888888889","139","60","568","n",130
0.161,"-163.636363636363","141","60","570","n",132
0.206,"112.903225806452","161","67","750","n",152
0.137,"70.4225352112675","155","66","445","y",152
0.138,"-141.666666666667","149","61","460","n",141
0.216,"65.2173913043478","133","57","706","n",132
0.181,"-41.0958904109589","133","53","385","n",132
0.169,"-126.582278481012","120","49","681","n",116
0.129,"-138.888888888889","124","55","644","n",121
0.101,"-230.769230769231","144","61","433","y",142
0.077,"-180","136","58","420","n",133
0.128,"-78.2608695652173","133","57","683","n",126
0.102,"448.275862068966","160","54","458","n",134
0.121,"-259.259259259259","148","54","591","n",130
0.093,"-35.7142857142857","136","61","628","y",135
0.033,"-1035.71428571428","136","54","347","n",124
0.064,"142.85714285714","104","44","796","n",104
0.119,"-297.029702970297","159","58","732","n",140
0.088,"-194.805194805195","162","69","617","y",158
0.035,"-99.9999999999999","127","57","366","n",126
0.073,"-246.153846153846","140","56","362","y",129
0.064,"43.4782608695653","124","55","778","n",123
0.144,"70.7964601769912","142","59","602","y",137
0.16,"-210.526315789474","168","66","463","y",159
0.067,"-627.118644067797","155","58","326","n",135
0.09,"-333.333333333333","117","43","1141","n",117
0.124,"-207.920792079208","144","53","403","n",139
0.077,"-159.420289855072","158","59","315","y",151
0.074,"-390.243902439025","143","55","355","y",130
0.087,"-76.9230769230769","120","53","609","n",118
0.149,"113.04347826087","126","55","731","y",120
0.05,"-641.025641025642","112","48","824","n",99
0.072,"-203.125","132","55","371","y",122
0.068,"-98.3606557377049","113","51","734","n",109
0.124,"142.857142857143","135","62","666","y",132
0.078,"-1363.63636363636","91","38","1101","n",81
0.084,"-160","131","50","382","y",122
0.133,"70","139","61","482","y",137
0.053,"-325.581395348838","122","56","403","n",113
0.092,"-596.491228070176","117","47","506","n",96
0.075,"-176.470588235294","151","58","364","y",142
0.083,"-365.853658536586","131","57","668","n",128
0.096,"102.564102564102","144","67","753","y",142
0.042,"-500.000000000001","127","55","340","n",121
0.157,"-97.5609756097561","141","57","365","y",134
0.116,"-192.982456140351","130","58","753","n",126
0.117,"-85.7142857142857","130","58","684","y",123
0.116,"-129.87012987013","138","61","517","y",133
0.069,"-550","136","59","479","n",134
0.105,"-305.555555555556","143","60","361","y",134
0.091,"-171.428571428571","127","56","752","n",121
0.113,"-93.75","143","66","731","y",138
0.048,"-621.621621621621","139","58","391","n",129
0.031,"-333.333333333333","115","51","437","n",113
0.127,"-173.913043478261","146","62","634","y",132
0.126,"-733.333333333338","117","47","961","n",113
0.228,"-139.53488372093","133","59","657","y",116
0.091,"-187.5","148","61","375","y",138
0.109,"-112.244897959184","132","60","632","n",127
0.143,"74.7663551401869","138","64","660","y",135
0.078,"-300","132","56","477","n",123
0.097,"-250","141","61","610","y",125
0.107,"-894.736842105268","126","48","972","n",116
0.152,"43.4782608695652","136","59","393","y",134
0.117,"-38.0952380952381","131","60","670","n",130
0.219,"-47.6190476190476","124","58","624","n",118
0.121,"-155.172413793103","131","61","622","y",125
0.058,"-256.410256410257","122","51","571","n",117
0.124,"-211.009174311927","131","56","601","y",119
0.134,"73.6842105263158","170","65","388","y",166
0.119,"-92.5925925925926","158","66","671","n",156
0.092,"-120.481927710843","120","59","571","n",116
0.136,"-90.9090909090908","133","59","632","y",129
0.105,"-85.1063829787233","130","55","726","n",125
0.151,"-213.114754098361","132","58","625","y",117
0.134,"-390.243902439024","153","52","665","n",135
0.111,"153.846153846154","182","55","574","y",179
0.098,"261.363636363636","209","51","673","n",197
0.129,"424.242424242424","166","52","384","y",155
0.199,"-300","204","51","416","n",170
0.207,"474.358974358974","168","51","394","y",140
0.129,"-591.304347826087","209","52","416","n",166
0.158,"-823.529411764706","244","57","488","y",184
0.067,"-363.636363636363","137","58","651","n",132
0.143,"-767.441860465116","231","57","482","y",160
0.105,"119.402985074627","111","42","538","n",108
0.08,"300","156","60","463","y",153
0.037,"-899.999999999999","153","53","333","n",144
0.108,"-196.428571428571","150","59","458","n",146
0.117,"414.634146341464","169","52","391","y",156
0.114,"-433.333333333333","167","54","654","n",143
0.095,"-607.142857142857","148","53","659","n",131
0.147,"-204.545454545455","131","50","460","n",116
0.067,"350","185","54","389","y",175
0.123,"-672.727272727273","192","55","678","n",150
0.087,"-363.636363636364","172","54","703","y",167
0.118,"-343.283582089553","131","44","512","n",115
0.054,"-702.127659574468","150","50","493","n",138
0.099,"-343.75","129","57","703","y",120
0.062,"-729.166666666666","161","53","651","y",140
0.047,"-972.972972972974","182","51","474","n",161
0.043,"-763.157894736844","166","49","575","n",153
0.079,"-416.666666666668","149","49","682","y",145
0.243,"245.161290322581","211","58","561","y",196
0.05,"-866.666666666667","191","53","456","n",168
0.082,"-635.135135135136","165","51","511","n",141
0.076,"-637.681159420289","177","58","653","y",152
0.102,"-168.831168831169","144","58","792","n",136
0.086,"-389.830508474576","136","49","829","y",127
0.139,"-225","132","49","861","n",128
0.092,"-253.333333333333","144","56","812","y",133
0.066,"-361.111111111111","138","52","831","n",134
0.06,"-333.333333333333","115","45","796","y",110
0.051,"241.379310344828","120","48","300","n",117
0.055,"-100","158","57","329","y",157
0.064,"749.999999999999","134","53","326","n",128
0.091,"-134.146341463415","145","51","358","n",139
0.116,"296.296296296296","167","53","361","y",159
0.078,"-349.20634920635","146","50","340","n",138
0.061,"-232.142857142857","115","43","533","y",110
0.138,"-88.7096774193548","137","57","754","n",129
0.162,"-96.7741935483871","164","58","476","y",157
0.128,"141.176470588235","166","55","483","n",162
0.089,"108.108108108108","140","55","388","n",138
0.152,"444.444444444444","190","58","367","y",179
0.082,"-418.918918918919","145","54","368","n",134
0.094,"-183.673469387755","91","43","1332","n",87
0.089,"-425","163","51","356","n",145
0.153,"-208.955223880597","144","50","366","y",138
0.108,"-314.285714285714","167","56","347","n",164
0.248,"-271.844660194175","135","47","797","n",121
0.074,"-382.35294117647","127","49","362","n",117
0.142,"235.294117647059","136","52","362","y",131
0.061,"-340.909090909091","127","50","326","n",117
0.263,"1600","110","46","920","n",99
0.094,"-294.117647058824","123","44","312","n",112
0.185,"297.619047619048","136","49","312","y",130
0.074,"-200","118","47","321","n",112
0.281,"-257.142857142857","92","40","1108","n",88
0.054,"-255.31914893617","114","45","363","n",109
0.156,"343.75","139","48","329","y",128
0.086,"-58.8235294117647","95","39","838","n",95
0.161,"-110.344827586207","133","51","348","y",128
0.074,"-492.537313432835","135","48","406","n",118
0.084,"-340","121","44","366","n",116
0.104,"-419.354838709677","180","51","472","n",159
0.083,"-634.146341463415","195","52","600","y",187
0.072,"-707.692307692307","168","55","508","n",148
0.121,"-461.538461538461","108","44","575","n",106
0.198,"-320.224719101124","211","62","435","y",169
0.057,"-724.137931034482","165","58","499","y",154
0.197,"-782.608695652177","120","39","669","n",110
0.189,"-94.1176470588235","157","58","391","y",148
0.089,"-666.666666666667","147","56","344","n",119
0.103,"-587.499999999999","148","48","778","n",125
0.093,"-479.452054794521","167","48","306","y",141
0.099,"-275","136","46","306","n",125
0.227,"152.173913043478","155","49","597","y",150
0.124,"-99.9999999999999","115","41","534","n",114
0.059,"-574.074074074074","140","52","371","y",123
0.097,"-236.842105263158","133","50","339","n",122
0.135,"-90.9090909090909","115","43","629","y",110
0.084,"-200","112","43","506","n",109
0.085,"-528.301886792453","167","55","344","n",145
0.113,"-577.777777777777","194","58","375","y",187
0.148,"-500","146","58","634","n",130
0.163,"-312.925170068027","179","58","339","n",145
0.193,"325.301204819277","174","57","357","y",165
0.101,"-325","145","57","664","n",132
0.06,"-256.410256410256","150","52","414","y",147
0.053,"-787.234042553192","152","51","508","n",136
0.137,"-5200.00000000001","212","48","528","n",150
0.075,"-278.688524590164","145","48","658","y",137
0.075,"-258.620689655172","132","43","606","n",127
0.141,"100.840336134454","196","49","498","y",190
0.118,"-122.641509433962","200","49","635","n",196
0.188,"-87.3015873015873","196","54","539","y",189
0.112,"-178.217821782178","201","48","467","n",193
0.079,"-185.185185185185","160","49","491","n",153
0.049,"-155.555555555556","151","49","419","y",149
0.114,"-176.470588235294","140","48","510","n",135
0.195,"220","179","54","559","y",175
0.072,"-246.153846153846","179","54","641","n",168
0.049,"-340.909090909091","173","54","643","y",165
0.081,"-98.5915492957746","154","53","652","n",149
0.207,"146.666666666667","187","52","530","y",185
0.125,"-247.706422018349","196","45","424","n",183
0.1,"-322.222222222222","158","50","647","y",141
0.112,"-64.516129032258","146","51","640","n",143
0.199,"47.9041916167665","179","54","586","y",176
0.099,"-357.142857142857","178","45","465","n",171
0.183,"-877.777777777778","195","51","678","y",145
0.143,"-423.423423423423","173","51","462","y",137
0.113,"-261.904761904762","122","51","757","n",113
0.175,"-259.493670886076","183","55","503","y",157
0.174,"5462.68656716417","464","46","863","n",134
0.089,"-319.148936170213","167","55","470","n",157
0.139,"-203.703703703704","183","59","523","n",178
0.035,"-629.629629629629","149","53","593","n",142
0.181,"-202.453987730061","182","59","488","n",163
0.049,"-688.888888888888","188","56","601","n",173
0.071,"-550","163","58","787","n",153
0.087,"-589.74358974359","172","59","447","y",150
0.043,"-666.666666666666","141","56","369","n",132
0.075,"-375","136","57","804","y",125
0.065,"-400","161","53","820","y",155
0.086,"-654.545454545454","134","53","681","n",117
0.075,"-307.692307692308","132","61","770","y",124
0.134,"210.526315789474","134","50","466","n",128
0.074,"-1507.46268656716","183","52","631","n",113
0.179,"2546.39175257732","347","40","930","y",121
0.118,"569.230769230769","155","48","551","n",128
0.099,"-258.426966292135","126","45","359","y",115
0.099,"-235.955056179775","132","42","365","n",120
0.111,"-650","196","51","456","y",155
0.081,"-214.285714285714","125","44","872","n",117
0.07,"-619.999999999999","141","48","621","n",129
0.079,"-483.333333333333","157","50","475","y",142
0.078,"750.000000000001","163","49","337","n",141
0.127,"-425","125","53","877","n",117
0.154,"-281.553398058252","169","55","548","n",148
0.125,"-210.526315789474","171","57","656","y",167
0.116,"-90.9090909090911","134","54","659","n",133
0.096,"-265.822784810127","134","54","520","n",125
0.071,"-687.500000000002","137","44","303","n",113
0.208,"-322.404371584699","169","41","412","y",134
0.103,"-279.569892473118","109","40","735","n",102
0.107,"-322.916666666667","142","45","390","y",128
0.034,"-200","117","42","448","n",116
0.175,"-158.227848101266","134","52","617","n",125
0.138,"-240","148","52","479","y",135
0.163,"-3947.36842105265","158","54","469","n",137
0.227,"-84.8484848484849","147","51","763","y",141
0.078,"-342.857142857143","142","49","538","n",130
0.144,"-342.105263157895","152","51","441","y",139
0.163,"-264.285714285714","143","46","439","n",117
0.21,"-105.820105820106","154","52","754","y",142
0.082,"-594.202898550724","137","47","667","n",120
0.135,"-123.96694214876","156","54","678","y",147
0.077,"-318.840579710145","142","51","604","n",133
0.124,"-171.171171171171","153","52","713","y",142
0.068,"-278.688524590164","125","49","646","n",116
0.08,"-388.888888888889","168","54","451","y",153
0.211,"413.333333333333","199","57","495","y",186
0.155,"-726.618705035971","218","51","381","y",154
0.112,"-346.534653465347","141","56","693","n",129
0.196,"-445.714285714286","204","54","456","n",160
0.111,"-396.039603960396","174","57","592","y",158
0.099,"-822.222222222223","188","55","376","n",146
0.081,"-712.328767123288","186","56","500","y",165
0.075,"-328.358208955224","154","58","440","n",145
0.077,"-544.117647058824","154","53","523","y",136
0.079,"1320","228","44","445","n",196
0.105,"-531.914893617021","159","58","664","n",134
0.116,"-333.333333333333","139","48","708","n",126
0.06,"-447.368421052631","131","58","634","n",125
0.081,"-520","136","48","573","n",126
0.08,"-458.333333333333","168","56","637","n",150
0.127,"-1426.66666666667","191","56","517","y",122
0.077,"-675","144","57","738","n",130
0.08,"-616.666666666667","167","58","642","y",148
0.125,"-133.928571428571","126","47","802","n",116
0.112,"-79.2079207920792","130","47","515","y",125
0.217,"-5000","202","51","781","n",159
0.148,"141.509433962264","201","59","475","y",193
0.152,"-409.090909090909","139","51","317","n",116
0.095,"-337.209302325581","144","51","686","y",127
0.085,"-402.597402597402","147","52","464","y",131
0.05,"-769.230769230771","124","45","456","n",105
0.223,"-120.37037037037","133","50","680","n",124
0.1,"-210.526315789474","137","50","520","y",132
0.111,"-282.828282828283","136","51","478","n",122
0.159,"-286.713286713287","149","53","493","n",130
0.154,"-257.8125","150","54","524","y",137
0.123,"-198.198198198198","136","50","507","n",129
0.158,"-274.647887323944","151","51","530","n",134
0.092,"-324.324324324324","124","49","536","y",115
0.092,"-717.391304347826","168","56","483","y",162
0.078,"-774.647887323943","142","51","500","n",118
0.149,"-223.880597014925","140","49","723","y",123
0.103,"-413.04347826087","161","51","435","y",146
0.143,"268.292682926829","118","38","487","n",106
0.214,"-31.9148936170213","141","54","464","y",138
0.069,"-421.052631578948","130","49","430","n",119
0.101,"-595.238095238096","154","50","453","y",127
0.054,"-466.666666666666","112","50","486","n",104
0.059,"-869.565217391304","193","52","337","n",180
0.061,"-418.181818181818","191","49","385","y",182
0.064,"-999.999999999999","177","50","375","n",145
0.078,"-236.363636363636","127","45","576","n",120
0.091,"-640","154","48","336","n",133
0.121,"-512.5","138","48","322","y",126
0.038,"-588.235294117647","137","46","304","n",125
0.081,"-375","136","46","469","y",123
0.07,"-296.875","157","49","373","n",145
0.049,"340.909090909091","157","45","659","n",151
0.085,"-313.725490196079","128","44","616","n",121
0.082,"-224.137931034483","127","43","559","n",122
0.094,"-389.830508474576","122","42","322","n",115
0.093,"864.197530864197","168","32","518","n",140
0.11,"-272.727272727273","112","41","710","n",93
0.132,"-252.173913043478","121","41","651","n",105
0.139,"-284.552845528455","130","47","844","y",107
0.133,"-84.0336134453782","118","83","649","n",113
0.229,"-140.845070422535","128","84","644","n",122
0.116,"-153.846153846154","114","82","616","y",109
0.135,"-205.357142857143","120","80","387","n",107
0.054,"-317.073170731708","111","76","508","n",107
0.103,"-145.161290322581","110","76","804","n",104
0.11,"-20.2020202020202","97","76","894","n",96
0.083,"117.647058823529","106","77","522","y",101
0.027,"-250.000000000001","112","64","199","n",109
0.06,"-510.204081632653","101","74","833","n",89
0.106,"-83.3333333333333","138","83","450","n",133
0.082,"410.714285714286","168","84","557","y",159
0.022,"-562.5","138","75","331","n",136
0.042,"-421.052631578948","104","75","647","n",92
0.136,"38.0952380952381","107","81","520","y",105
0.069,"-313.725490196079","105","75","549","n",97
0.13,"-152.173913043478","121","77","730","n",114
0.136,"179.245283018868","118","78","717","y",109
0.07,"-359.375","129","80","337","n",115
0.16,"92.1052631578947","138","86","787","y",133
0.195,"111.111111111111","148","86","376","n",146
0.076,"-246.376811594203","125","84","310","n",118
0.172,"-123.376623376623","133","83","531","y",120
0.123,"-144.144144144144","105","77","407","n",98
0.139,"-304","159","86","334","n",136
0.111,"333.333333333333","147","84","321","y",138
0.125,"-101.851851851852","125","86","388","n",118
0.184,"-84.3373493975904","112","79","729","n",103
0.094,"-223.529411764706","108","78","744","n",99
0.209,"-285.714285714286","157","80","369","n",118
0.1,"163.934426229508","122","82","379","y",119
0.137,"-96.7741935483871","105","76","647","n",96
0.1,"-233.766233766234","101","72","775","n",93
0.275,"-319.838056680162","191","83","344","n",132
0.112,"118.811881188119","135","85","323","y",130
0.075,"-388.059701492537","129","83","436","n",114
0.154,"-83.3333333333333","132","86","641","n",127
0.163,"121.212121212121","133","85","370","y",130
0.191,"-56.1797752808989","129","81","337","n",127
0.086,"220.779220779221","133","74","554","n",124
0.084,"-65.7894736842105","120","84","364","n",117
0.096,"244.186046511628","146","86","365","y",136
0.103,"-53.7634408602151","139","86","648","n",135
0.122,"-197.183098591549","151","82","654","n",145
0.242,"-106.382978723404","116","81","576","y",114
0.07,"-78.4313725490195","106","76","325","n",105
0.22,"-160.377358490566","151","87","528","n",140
0.132,"-44.9438202247191","138","88","382","y",137
0.158,"81.0810810810811","150","87","355","n",148
0.194,"-85.7142857142857","140","83","625","n",135
0.137,"60.6060606060606","133","81","361","n",130
0.096,"-91.9540229885058","122","85","682","y",118
0.114,"-67.9611650485437","115","82","675","n",111
0.213,"-189.18918918919","120","83","340","y",117
0.179,"-117.647058823529","129","83","339","y",124
0.118,"-43.0107526881721","119","80","245","y",117
0.093,"-158.730158730159","113","78","284","n",110
0.128,"-165.217391304348","124","82","323","y",115
0.104,"-138.297872340425","104","75","536","n",97
0.246,"-63.0630630630631","124","82","600","y",113
0.14,"40.5405405405406","111","78","551","n",110
0.125,"-116.071428571429","109","78","321","y",99
0.093,"-205.128205128205","103","72","907","n",96
0.124,"-198.198198198198","132","79","553","n",120
0.138,"277.10843373494","122","78","523","y",112
0.083,"-426.666666666667","137","80","319","n",119
0.092,"-156.626506024096","119","82","669","n",110
0.091,"-158.730158730159","118","79","706","n",110
0.09,"-64.516129032258","119","81","825","n",116
0.095,"250","138","82","684","y",132
0.069,"-419.354838709677","129","77","311","n",118
0.18,"-141.791044776119","131","81","875","n",121
0.147,"310.679611650485","150","85","750","y",138
0.122,"-244.68085106383","142","84","354","n",126
0.162,"-219.178082191781","139","81","672","n",124
0.106,"-466.666666666666","121","80","814","y",115
0.046,"-238.095238095238","109","78","361","n",103
0.11,"-43.0107526881721","97","76","360","n",95
0.166,"41.6666666666667","102","74","948","n",97
0.107,"-433.333333333333","158","83","753","n",141
0.099,"-590.909090909091","174","82","689","y",155
0.113,"-344.827586206897","176","82","323","n",167
0.166,"-73.3333333333333","140","81","246","n",136
0.048,"-2592.5925925926","153","75","244","y",126
0.207,"-254.545454545455","174","84","343","y",145
0.263,"-138.755980861244","133","82","343","n",124
0.213,"128.378378378378","156","85","545","n",151
0.213,"65.2173913043478","163","83","265","y",155
0.292,"-97.6744186046511","159","78","433","n",145
0.156,"-225","148","83","812","y",143
0.108,"69.4444444444444","139","78","298","n",136
0.111,"-110","122","81","377","n",116
0.201,"-82.8729281767956","107","79","342","n",100
0.18,"-234.567901234568","157","80","535","n",136
0.195,"172.413793103448","141","84","724","n",132
0.195,"-103.174603174603","156","85","282","y",147
0.066,"-383.333333333333","142","83","620","n",131
0.218,"95.8083832335329","146","87","432","y",140
0.122,"-163.636363636364","126","81","324","n",116
0.057,"-250","102","72","191","n",99
0.163,"-273.972602739726","145","81","607","n",123
0.131,"288.135593220339","153","89","444","y",137
0.085,"-272.727272727273","137","84","332","n",125
0.039,"428.571428571428","156","83","766","n",148
0.098,"-924.999999999999","192","77","279","y",154
0.091,"-448.71794871795","129","78","690","n",112
0.21,"145.299145299145","149","87","439","y",144
0.136,"20.4081632653061","144","83","337","n",143
0.047,"-250","147","85","711","n",144
0.213,"-202.127659574468","147","80","387","y",137
0.138,"-387.096774193548","146","81","693","n",117
0.092,"-638.55421686747","168","81","318","y",145
0.064,"-526.315789473684","127","78","646","n",114
0.299,"141.592920353982","150","85","440","y",144
0.109,"-71.4285714285714","125","83","336","n",121
0.055,"404.255319148935","154","83","720","n",146
0.122,"-381.818181818181","148","80","293","y",131
0.14,"-240","124","77","622","n",109
0.216,"-139.175257731959","156","88","858","n",145
0.171,"79.3650793650794","156","86","828","y",151
0.142,"-104.166666666667","157","86","322","n",151
0.075,"63.8297872340426","160","85","749","n",158
0.1,"-422.222222222222","142","82","299","y",132
0.149,"-320.89552238806","147","84","728","n",123
0.101,"-747.252747252747","167","82","272","y",137
0.158,"-190.140845070423","129","78","647","n",110
0.246,"-72.0720720720721","140","87","697","n",130
0.144,"184.466019417476","134","85","515","y",124
0.054,"-300","130","85","469","n",126
0.09,"-219.512195121951","125","84","725","n",114
0.095,"418.604651162789","146","79","565","n",140
0.079,"-569.444444444444","135","78","307","y",115
0.083,"-270.270270270269","120","78","657","n",109
0.159,"-236.641221374046","113","77","319","n",95
0.063,"161.290322580646","133","83","331","y",130
0.031,"-400","137","82","391","n",133
0.07,"-206.349206349206","118","81","708","n",109
0.055,"463.41463414634","142","79","511","n",136
0.105,"-494.736842105263","140","77","314","y",120
0.069,"-322.58064516129","107","72","512","n",97
0.282,"106.299212598425","156","85","431","y",147
0.084,"-386.666666666667","141","84","324","n",128
0.068,"-293.103448275862","114","80","378","n",107
0.176,"147.540983606558","121","82","551","y",119
0.185,"-167.741935483871","108","79","255","n",97
0.102,"-195.652173913043","138","84","536","n",128
0.134,"93.2203389830509","140","86","520","y",136
0.1,"-122.222222222222","130","84","348","n",124
0.151,"-302.083333333333","139","81","446","y",130
0.039,"-371.428571428572","102","76","469","y",94
0.109,"-183.673469387755","112","77","699","n",104
0.17,"-267.97385620915","145","80","556","n",119
0.129,"196.969696969697","124","83","468","y",121
0.054,"-250","119","83","356","n",115
0.04,"-638.88888888889","120","81","825","n",112
0.114,"-166.666666666667","146","86","703","n",138
0.13,"299.065420560748","164","88","542","y",151
0.056,"-360","142","86","356","n",132
0.083,"-313.432835820896","113","77","734","n",100
0.274,"-46.6101694915254","121","83","645","n",119
0.145,"-139.344262295082","109","82","609","y",103
0.189,"-141.176470588235","123","83","720","n",115
0.202,"72.5806451612903","120","82","501","y",116
0.042,"-621.621621621623","122","82","437","y",110
0.097,"-172.413793103448","106","79","410","n",98
0.274,"-93.8967136150235","141","87","354","n",131
0.153,"120.37037037037","128","84","357","y",121
0.181,"-159.509202453988","127","81","516","n",107
0.079,"-197.183098591549","96","74","574","n",91
0.282,"-220.472440944882","151","84","352","y",128
0.109,"-181.818181818182","114","80","616","n",105
0.17,"120.567375886525","130","88","443","n",120
0.131,"-211.864406779661","121","82","550","n",109
0.215,"-247.422680412371","152","84","594","y",128
0.1,"-191.176470588235","156","82","271","n",153
0.295,"-105.263157894737","138","80","332","y",122
0.148,"-135.338345864662","108","77","626","n",99
0.165,"86.9565217391304","138","86","725","y",136
0.123,"90.0900900900901","141","85","390","n",137
0.138,"78.9473684210526","151","86","603","n",146
0.108,"-489.795918367347","173","84","356","n",163
0.149,"-164.179104477612","127","84","743","n",116
0.13,"206.896551724138","139","83","376","y",132
0.208,"-176.470588235294","118","79","636","n",101
0.273,"-88.3720930232558","137","81","629","n",128
0.105,"106.382978723404","130","82","395","y",126
0.102,"-285.714285714286","119","79","593","n",106
0.222,"-132.530120481928","121","83","579","y",113
0.091,"-73.1707317073171","107","79","397","n",104
0.142,"-46.875","101","79","353","n",98
0.088,"-137.5","92","73","456","n",86
0.11,"-275.862068965517","124","83","408","n",117
0.086,"134.328358208955","135","84","364","y",131
0.068,"-433.333333333333","131","81","621","n",113
0.232,"60.2409638554218","123","83","730","y",121
0.115,"-203.883495145631","110","77","299","n",97
0.083,"-83.3333333333334","122","80","319","n",120
0.116,"97.8260869565217","135","81","283","y",132
0.072,"-153.846153846154","130","81","509","n",126
0.188,"39.6825396825396","128","83","733","y",125
0.136,"174.418604651163","138","81","355","n",132
0.16,"-174.603174603175","120","81","656","y",112
0.075,"-102.941176470588","112","81","381","n",109
0.127,"-49.5049504950495","100","73","282","n",97
0.28,"135.869565217391","150","85","535","y",139
0.065,"-67.7966101694916","122","82","356","n",120
0.101,"-76.0869565217391","113","76","276","n",110
0.145,"70.3125000000001","123","76","365","n",118
0.057,"-176.470588235294","116","77","375","y",111
0.201,"-33.1491712707182","107","77","786","y",102
0.066,"-33.8983050847457","101","75","329","n",100
0.241,"-101.382488479263","107","76","867","n",95
0.193,"83.3333333333333","113","81","448","y",109
0.05,"-155.555555555555","111","80","346","n",108
0.117,"33.7078651685393","118","83","471","y",117
0.092,"-72.2891566265061","111","80","386","n",108
0.112,"-79.2079207920792","105","78","332","n",102
0.096,"-69.7674418604651","96","73","264","n",93
0.157,"53.1914893617021","108","78","422","y",106
0.05,"-155.555555555556","97","74","311","n",93
0.24,"64.516129032258","120","81","423","y",115
0.076,"-115.942028985507","112","79","353","n",108
0.13,"-42.7350427350428","104","78","372","n",102
0.183,"-66.6666666666667","100","77","490","n",95
0.252,"145.374449339207","146","87","451","y",132
0.095,"-140","139","84","395","n",133
0.219,"82.7586206896552","135","86","474","y",128
0.061,"-129.62962962963","125","84","354","n",121
0.117,"-103.77358490566","113","81","389","n",108
0.126,"-105.263157894737","103","79","450","n",96
0.149,"-155.555555555556","128","82","430","y",116
0.057,"-121.951219512195","108","79","274","n",105
0.12,"-161.290322580646","110","81","684","y",107
0.098,"-200","122","82","398","n",112
0.072,"-338.461538461538","118","77","617","n",105
0.061,"-115.384615384615","111","76","345","y",109
0.11,"-121.212121212121","110","79","331","n",103
0.087,"-102.941176470588","93","69","1383","n",91
0.086,"-161.764705882353","123","80","450","y",117
0.035,"-218.75","120","77","297","n",117
0.102,"-287.35632183908","119","81","659","n",108
0.094,"142.857142857143","144","82","370","y",140
0.058,"-613.636363636365","122","84","328","n",111
0.118,"-150.943396226415","143","88","476","y",138
0.135,"78.4313725490196","135","85","700","n",133
0.106,"107.692307692308","137","88","499","y",132
0.16,"-139.86013986014","131","85","645","n",119
0.203,"-32.7868852459016","107","82","666","n",103
0.068,"-114.754098360655","105","78","379","n",101
0.207,"-73.1707317073171","130","87","603","y",127
0.226,"-49.2610837438424","113","82","671","n",106
0.231,"-71.4285714285714","103","77","398","n",99
